Genetic Information Processing,,,,,
,Transcription,,,,
,,RNA polymerase,,,
,,,b3295,,
,,,b3987,,
,,,b3988,,
,,,b3067,,
,,,b2741,,
,,,b1922,,
,,,b4293,,
,,,b3461,,
,,,b3202,,
,,,b3649,,
,,Basal transcription factors,,,
,,Transcription factors,,,
,,,b0064,,
,,,b3906,,
,,,b3905,,
,,,b1735,,
,,,b4116,,
,,,b2437,,
,,,b0564,,
,,,b0566,,
,,,b4062,,
,,,b1531,,
,,,b1384,,
,,,b2213,,
,,,b2808,,
,,,b3773,,
,,,b3828,,
,,,b0020,,
,,,b3961,,
,,,b2916,,
,,,b0076,,
,,,b2537,,
,,,b3118,,
,,,b0504,,
,,,b0338,,
,,,b1275,,
,,,b1987,,
,,,b2364,,
,,,b1339,,
,,,b0840,,
,,,b3423,,
,,,b3131,,
,,,b2805,,
,,,b2707,,
,,,b4191,,
,,,b3753,,
,,,b3934,,
,,,b0080,,
,,,b4241,,
,,,b2714,,
,,,b1658,,
,,,b3438,,
,,,b4264,,
,,,b3075,,
,,,b3684,,
,,,b4102,,
,,,b3375,,
,,,b0730,,
,,,b1187,,
,,,b0113,,
,,,b2980,,
,,,b4324,,
,,,b3604,,
,,,b1450,,
,,,b0313,,
,,,b0464,,
,,,b3641,,
,,,b1013,,
,,,b3743,,
,,,b0889,,
,,,b0447,,
,,,b3418,,
,,,b1040,,
,,,b1951,,
,,,b1916,,
,,,b2684,,
,,,b1642,,
,,,b0487,,
,,,b3292,,
,,,b4063,,
,,,b0683,,
,,,b4046,,
,,,b4018,,
,,,b0346,,
,,,b0506,,
,,,b3357,,
,,,b1334,,
,,,b2531,,
,,,b4178,,
,,,b0817,,
,,,b3481,,
,,,b3501,,
,,,b3973,,
,,,b3261,,
,,,b4393,,
,,,b0330,,
,,,b4390,,
,,,b3021,,
,,,b1299,,
,,,b0162,,
,,,b3188,,
,,,b0761,,
,,,b0069,,
,,,b2491,,
,,,b2709,,
,,,b3555,,
,,,b3723,,
,,,b3842,,
,,,b3237,,
,,,b0676,,
,,,b3601,,
,,,b3556,,
,,,b3938,,
,,,b1323,,
,,,b4133,,
,,,b2479,,
,,,b1399,,
,,,b1303,,
,,,b1306,,
,,,b1512,,
,,,b1201,,
,,,b0610,,
,,,b2624,,
,,,b2948,,
,,,b0034,,
,,,b0145,,
,,,b0413,,
,,,b0240,,
,,,b3023,,
,,Spliceosome,,,
,Translation,,,,
,,Ribosome,,,
,,,b0911,,
,,,b0169,,
,,,b3314,,
,,,b3296,,
,,,b3303,,
,,,b4200,,
,,,b3341,,
,,,b3306,,
,,,b3230,,
,,,b3321,,
,,,b3297,,
,,,b3342,,
,,,b3298,,
,,,b3307,,
,,,b3165,,
,,,b2609,,
,,,b3311,,
,,,b4202,,
,,,b3316,,
,,,b0023,,
,,,b3065,,
,,,b1480,,
,,,b3984,,
,,,b3317,,
,,,b3320,,
,,,b3319,,
,,,b3308,,
,,,b3305,,
,,,b3986,,
,,,b4203,,
,,,b3985,,
,,,b3983,,
,,,b3231,,
,,,b3310,,
,,,b3301,,
,,,b3313,,
,,,b3294,,
,,,b3304,,
,,,b2606,,
,,,b1716,,
,,,b3186,,
,,,b3315,,
,,,b3318,,
,,,b3309,,
,,,b2185,,
,,,b3185,,
,,,b3637,,
,,,b3312,,
,,,b3302,,
,,,b3936,,
,,,b1089,,
,,,b3636,,
,,,b3703,,
,,,b1717,,
,,,b4506,,
,,,b4007,,
,,,b4009,,
,,,b4010,,
,,Translation factors,,,
,,,b1282,,
,,,b3168,,
,,,b1718,,
,,,b0170,,
,,,b3980,,
,,,b3340,,
,,,b1211,,
,,,b0172,,
,,,b0884,,
,,,b3168,,
,,,b1718,,
,,,b0170,,
,,,b3980,,
,,,b3340,,
,,,b4147,,
,,,b1211,,
,,,b2891,,
,,,b4375,,
,,,b0172,,
,,,b0236,,
,,tRNA loading,,,
,,,b3853,,
,,,b3796,,
,,,b1989,,
,,,b3760,,
,,,b1910,,
,,,b0670,,
,,,b4008,,
,,,b4165,,
,,,b3797,,
,,,b3852,,
,,,b4370,,
,,,b2404,,
,,,b3171,,
,,,b4134,,
,,,b3799,,
,,,b2695,,
,,,b3979,,
,,,b3761,,
,,,b3977,,
,,,b2403,,
,,,b3658,,
,,,b2400,,
,,,b0680,,
,,,b2697,,
,,,b1866,,
,,,b0930,,
,,,b3560,,
,,,b3559,,
,,,b1719,,
,,,b0893,,
,,,b3591,,
,,,b0526,,
,,,b2114,,
,,,b3288,,
,,,b4258,,
,,,b0642,,
,,,b0026,,
,,,b4129,,
,,,b4155,,
,,,b1876,,
,,,b0194,,
,,,b2514,,
,,,b1714,,
,,,b1713,,
,,,b1637,,
,,,b3384,,
,,RNA transport,,,
,,,b2268,,
,,,b3056,,
,,,b1282,,
,,mRNA surveillance pathway,,,
,,Ribosome biogenesis in eukaryotes,,,
,,,b2567,,
,,Ribosome Biogenesis,,,
,,,b2567,,
,,,b0145,,
,,,b2183,,
,,,b0051,,
,,,b3289,,
,,,b4371,,
,,,b3465,,
,,,b2946,,
,,,b1835,,
,,,b3740,,
,,,b3179,,
,,,b0807,,
,,,b3084,,
,,,b0967,,
,,,b0948,,
,,,b2517,,
,,,b1822,,
,,,b2785,,
,,,b0859,,
,,,b2581,,
,,,b4180,,
,,,b0058,,
,,,b1269,,
,,,b1086,,
,,,b2594,,
,,,b1135,,
,,,b4022,,
,,,b4373,,
,,,b1066,,
,,,b1427,,
,,,b2567,,
,,,b1084,,
,,,b3162,,
,,,b1343,,
,,,b2576,,
,,,b4161,,
,,,b3650,,
,Folding, Sorting and Degradation,,,
,,Chaperones and folding catalysts,,,
,,,b0882,,
,,,b2592,,
,,,b0438,,
,,,b3931,,
,,,b0473,,
,,,b0014,,
,,,b2526,,
,,,b0650,,
,,,b2069,,
,,,b4143,,
,,,b0015,,
,,,b1000,,
,,,b0055,,
,,,b2527,,
,,,b3401,,
,,,b3687,,
,,,b3686,,
,,,b2614,,
,,,b3400,,
,,,b4142,,
,,,b0161,,
,,,b3178,,
,,,b3738,,
,,,b4316,,
,,,b3609,,
,,,b3363,,
,,,b0525,,
,,,b0441,,
,,,b3347,,
,,,b4207,,
,,,b0028,,
,,,b3349,,
,,,b3775,,
,,,b0053,,
,,,b3781,,
,,,b2582,,
,,,b0492,,
,,,b0849,,
,,,b1064,,
,,,b3610,,
,,,b1654,,
,,,b3860,,
,,,b1185,,
,,,b2893,,
,,,b4136,,
,,,b2195,,
,,,b0604,,
,,Protein export,,,
,,,b3300,,
,,,b3981,,
,,,b3175,,
,,,b0408,,
,,,b0409,,
,,,b0407,,
,,,b3705,,
,,,b0098,,
,,,b3609,,
,,,b0097,,
,,,b2610,,
,,,b0455,,
,,,b3464,,
,,,b3836,,
,,,b3838,,
,,,b3839,,
,,,b0627,,
,,,b2568,,
,,,b0027,,
,,Protein processing in endoplasmic reticulum,,,
,,,b0473,,
,,SNARE interactions in vesicular transport,,,
,,SNAREs,,,
,,Ubiquitin mediated proteolysis,,,
,,Ubiquitin labeling,,,
,,,b0826,,
,,Sulfur relay system,,,
,,,b2530,,
,,,b2521,,
,,,b0826,,
,,,b3470,,
,,,b3343,,
,,,b3344,,
,,,b3345,,
,,,b0969,,
,,,b1133,,
,,,b0785,,
,,,b0781,,
,,,b0784,,
,,,b0783,,
,,,b0009,,
,,,b0423,,
,,,b4407,,
,,,b3992,,
,,Proteasome,,,
,,Peptidases,,,
,,,b0027,,
,,,b2972,,
,,,b3335,,
,,,b0565,,
,,,b0975,,
,,,b2993,,
,,,b2717,,
,,,b2507,,
,,,b1298,,
,,,b2175,,
,,,b1708,,
,,,b2312,,
,,,b3729,,
,,,b0674,,
,,,b3153,,
,,,b0424,,
,,,b0932,,
,,,b3498,,
,,,b1538,,
,,,b1488,,
,,,b2821,,
,,,b1494,,
,,,b4260,,
,,,b2523,,
,,,b1127,,
,,,b0237,,
,,,b0516,,
,,,b3064,,
,,,b0168,,
,,,b3847,,
,,,b2908,,
,,,b2385,,
,,,b2753,,
,,,b4328,,
,,,b3178,,
,,,b1829,,
,,,b2936,,
,,,b0176,,
,,,b2328,,
,,,b1598,,
,,,b0161,,
,,,b3234,,
,,,b3235,,
,,,b1845,,
,,,b2010,,
,,,b2134,,
,,,b3182,,
,,,b0437,,
,,,b0439,,
,,,b0955,,
,,,b4043,,
,,,b1183,,
,,,b2568,,
,,,b1830,,
,,,b1766,,
,,,b1272,,
,,,b4021,,
,,,b1192,,
,,,b3932,,
,,,b0828,,
,,,b3447,,
,,,b3158,,
,,,b4235,,
,,,b3244,,
,,RNA degradation,,,
,,,b2830,,
,,,b1084,,
,,,b3780,,
,,,b2779,,
,,,b3164,,
,,,b0797,,
,,,b4179,,
,,,b3162,,
,,,b3822,,
,,,b3783,,
,,,b0014,,
,,,b4143,,
,,,b4172,,
,,,b2501,,
,,,b0143,,
,DNA maintenance,,,,
,,DNA replication complex,,,
,,,b1842,,
,,,b0215,,
,,,b0184,,
,,,b0470,,
,,,b1099,,
,,,b0640,,
,,,b4372,,
,,,b4259,,
,,,b3701,,
,,,b4052,,
,,,b3066,,
,,,b4059,,
,,,b0214,,
,,,b0183,,
,,,b3647,,
,,DNA replication control,,,
,,,b0214,,
,,,b1961,,
,,,b4000,,
,,,b0440,,
,,,b1712,,
,,,b0912,,
,,,b3702,,
,,,b4052,,
,,,b4361,,
,,,b3066,,
,,,b4059,,
,,,b0184,,
,,,b3701,,
,,,b4259,,
,,,b0640,,
,,,b1099,,
,,,b0215,,
,,,b0470,,
,,,b4372,,
,,,b1842,,
,,,b0214,,
,,,b0183,,
,,,b3647,,
,,,b1610,,
,,,b3387,,
,,,b0687,,
,,,b2496,,
,,,b2231,,
,,,b3699,,
,,,b3019,,
,,,b3030,,
,,,b1274,,
,,,b1763,,
,,Chromosome-related,,,
,,,b1961,,
,,,b1237,,
,,,b2669,,
,,,b4000,,
,,,b0440,,
,,,b1712,,
,,,b0912,,
,,,b1000,,
,,,b4396,,
,,,b3702,,
,,,b3149,,
,,,b0812,,
,,,b3261,,
,,,b4172,,
,,,b2916,,
,,,b0889,,
,,,b0924,,
,,,b0923,,
,,,b0922,,
,,,b0094,,
,,,b2748,,
,,,b3463,,
,,,b0084,,
,,,b0890,,
,,,b0083,,
,,,b3933,,
,,,b0093,,
,,,b0089,,
,,,b3462,,
,,,b0095,,
,,,b2412,,
,,,b2910,,
,,,b4169,,
,,,b3265,,
,,,b1176,,
,,,b1175,,
,,,b1174,,
,,,b0958,,
,,,b3641,,
,,,b0687,,
,,,b3251,,
,,,b3250,,
,,,b3249,,
,,,b0634,,
,,,b3019,,
,,,b3030,,
,,,b3741,,
,,,b3740,,
,,,b3811,,
,,,b2894,,
,,,b2113,,
,,,b3361,,
,,Base excision repair,,,
,,,b3635,,
,,,b0714,,
,,,b1633,,
,,,b2068,,
,,,b3549,,
,,,b2580,,
,,,b3068,,
,,,b2961,,
,,,b1749,,
,,,b2159,,
,,,b3647,,
,,Nucleotide excision repair,,,
,,,b1114,,
,,,b4058,,
,,,b0779,,
,,,b1913,,
,,,b3813,,
,,,b3647,,
,,Mismatch repair,,,
,,,b2733,,
,,,b4170,,
,,,b2831,,
,,,b3813,,
,,,b2011,,
,,,b2509,,
,,,b0422,,
,,,b1844,,
,,,b4059,,
,,,b0184,,
,,,b3701,,
,,,b0470,,
,,,b0640,,
,,,b1099,,
,,,b0215,,
,,,b1842,,
,,,b4259,,
,,,b4372,,
,,,b3647,,
,,,b3387,,
,,Homologous recombination,,,
,,,b4059,,
,,,b3700,,
,,,b2565,,
,,,b0472,,
,,,b2699,,
,,,b1861,,
,,,b1860,,
,,,b1863,,
,,,b3652,,
,,,b2820,,
,,,b2822,,
,,,b2819,,
,,,b0184,,
,,,b3701,,
,,,b0470,,
,,,b0640,,
,,,b1099,,
,,,b0215,,
,,,b1842,,
,,,b4259,,
,,,b4372,,
,,,b3935,,
,,,b4201,,
,,,b0467,,
,,,b4362,,
,,Non-homologous end-joining,,,
,,DNA repair and recombination proteins,,,
,,,b1335,,
,,,b0708,,
,,,b2580,,
,,,b3068,,
,,,b2961,,
,,,b1633,,
,,,b0099,,
,,,b3640,,
,,,b1335,,
,,,b2213,,
,,,b0708,,
,,,b2212,,
,,,b2580,,
,,,b3068,,
,,,b2068,,
,,,b2961,,
,,,b3549,,
,,,b3635,,
,,,b0714,,
,,,b1633,,
,,,b1749,,
,,,b2159,,
,,,b3998,,
,,,b3647,,
,,,b4058,,
,,,b0779,,
,,,b1913,,
,,,b1741,,
,,,b3813,,
,,,b3647,,
,,,b3987,,
,,,b3988,,
,,,b3295,,
,,,b3649,,
,,,b1114,,
,,,b2733,,
,,,b4170,,
,,,b2831,,
,,,b2011,,
,,,b2509,,
,,,b0422,,
,,,b1844,,
,,,b0184,,
,,,b3701,,
,,,b4259,,
,,,b0640,,
,,,b1099,,
,,,b0215,,
,,,b0470,,
,,,b4372,,
,,,b1842,,
,,,b3647,,
,,,b3813,,
,,,b4059,,
,,,b3387,,
,,,b1960,,
,,,b2820,,
,,,b2822,,
,,,b2819,,
,,,b2699,,
,,,b1861,,
,,,b1860,,
,,,b1863,,
,,,b0550,,
,,,b3935,,
,,,b4201,,
,,,b0467,,
,,,b4362,,
,,,b2011,,
,,,b0397,,
,,,b0398,,
,,,b2699,,
,,,b4389,,
,,,b3700,,
,,,b3652,,
,,,b2565,,
,,,b0472,,
,,,b2616,,
,,,b0393,,
,,,b1861,,
,,,b1860,,
,,,b1863,,
,,,b2231,,
,,,b3699,,
,,,b1274,,
,,,b4000,,
,,,b0440,,
,,,b1349,,
,,,b2565,,
,,,b0472,,
,,,b3261,,
,,,b1712,,
,,,b0912,,
,,,b2011,,
,,,b3822,,
,,,b4058,,
,,,b0779,,
,,,b1237,,
,,,b0231,,
,,,b1184,,
,,,b1183,,
,,,b2699,,
,,,b4043,,
,,,b2616,,
,,,b0060,,
,,,b4059,,
,,,b0099,,
,,,b3640,,
,,,b2675,,
,,,b2676,,
,,,b3778,,
,,,b0962,,
,,,b0799,,
,,,b1653,,
,RNA family,,,,
,,Non-coding RNAs,,,
,,,b3853,,
,,,b3796,,
,,,b1989,,
,,,b3760,,
,,,b1910,,
,,,b0670,,
,,,b4008,,
,,,b4165,,
,,,b3797,,
,,,b3852,,
,,,b4370,,
,,,b2404,,
,,,b3171,,
,,,b4134,,
,,,b3799,,
,,,b2695,,
,,,b3979,,
,,,b3761,,
,,,b3977,,
,,,b2403,,
,,,b3658,,
,,,b4007,,
,,,b4009,,
,,,b4010,,
,,,b0455,,
,,,b3123,,
Environmental Information Processing,,,,,
,Signal Transduction,,,,
,,Two-component system,,,
,,,b0400,,
,,,b0399,,
,,,b0383,,
,,,b3728,,
,,,b1129,,
,,,b1130,,
,,,b3404,,
,,,b3405,,
,,,b2215,,
,,,b0929,,
,,,b1609,,
,,,b1608,,
,,,b3911,,
,,,b3912,,
,,,b0161,,
,,,b4399,,
,,,b4398,,
,,,b2078,,
,,,b2079,,
,,,b2074,,
,,,b2075,,
,,,b2076,,
,,,b4112,,
,,,b4113,,
,,,b2253,,
,,,b0570,,
,,,b0571,,
,,,b0572,,
,,,b0573,,
,,,b0574,,
,,,b0575,,
,,,b3026,,
,,,b3025,,
,,,b1892,,
,,,b1891,,
,,,b1923,,
,,,b1922,,
,,,b1890,,
,,,b0695,,
,,,b0694,,
,,,b0698,,
,,,b0697,,
,,,b0696,,
,,,b4513,,
,,,b0993,,
,,,b0995,,
,,,b0996,,
,,,b0997,,
,,,b0998,,
,,,b3210,,
,,,b4401,,
,,,b3702,,
,,,b0619,,
,,,b0620,,
,,,b0617,,
,,,b0616,,
,,,b0615,,
,,,b0614,,
,,,b0613,,
,,,b0612,,
,,,b0564,,
,,,b4125,,
,,,b4124,,
,,,b4123,,
,,,b1479,,
,,,b1222,,
,,,b1221,,
,,,b2469,,
,,,b2193,,
,,,b1224,,
,,,b1225,,
,,,b1226,,
,,,b1227,,
,,,b1474,,
,,,b1475,,
,,,b1476,,
,,,b4154,,
,,,b4153,,
,,,b4152,,
,,,b4151,,
,,,b3667,,
,,,b3668,,
,,,b3669,,
,,,b3666,,
,,,b0196,,
,,,b2218,,
,,,b2216,,
,,,b1951,,
,,,b2217,,
,,,b2786,,
,,,b1914,,
,,,b1916,,
,,,b2696,,
,,,b2370,,
,,,b2369,,
,,,b2368,,
,,,b2367,,
,,,b0535,,
,,,b4150,,
,,,b0167,,
,,,b2553,,
,,,b3869,,
,,,b3868,,
,,,b3870,,
,,,b4003,,
,,,b4004,,
,,,b4002,,
,,,b2219,,
,,,b2220,,
,,,b2221,,
,,,b2222,,
,,,b2223,,
,,,b2844,,
,,,b3528,,
,,,b2556,,
,,,b2554,,
,,,b1884,,
,,,b4355,,
,,,b1886,,
,,,b1421,,
,,,b1885,,
,,,b3072,,
,,,b1887,,
,,,b1888,,
,,,b1882,,
,,,b1883,,
,,,b3357,,
,,,b3202,,
,,MAPK signaling pathway,,,
,,,b1651,,
,,ErbB signaling pathway,,,
,,Wnt signaling pathway,,,
,,Notch signaling pathway,,,
,,Hedgehog signaling pathway,,,
,,TGF-beta signaling pathway,,,
,,VEGF signaling pathway,,,
,,Jak-STAT signaling pathway,,,
,,Calcium signaling pathway,,,
,,Phosphatidylinositol signaling system,,,
,,,b4042,,
,,,b1409,,
,,,b2533,,
,,mTOR signaling pathway,,,
,,Plant hormone signal transduction,,,
,Signaling Molecules and Interaction,,,,
,,G protein-coupled receptors,,,
,,Enzyme-linked receptors,,,
,,Cytokine receptors,,,
,,Nuclear receptors,,,
,,Ion channels,,,
,,,b0875,,
,,,b3927,,
,,Neuroactive ligand-receptor interaction,,,
,,Cytokine-cytokine receptor interaction,,,
,,Cytokines,,,
,,ECM-receptor interaction,,,
,,Cell adhesion molecules (CAMs),,,
,,CAM ligands,,,
,,Cellular antigens,,,
,,,b3447,,
,,GTP-binding signaling proteins,,,
,,Glycan bindng proteins,,,
,,Bacterial toxins,,,
,,,b2899,,
,,,b1182,,
Cellular Processes,,,,,
,Vesicular transport,,,,
,,Endocytosis,,,
,,Phagosome,,,
,,Lysosome,,,
,,,b1617,,
,,Peroxisome,,,
,,,b1805,,
,,,b3996,,
,,,b1136,,
,,,b1732,,
,,,b1646,,
,,,b3908,,
,,Regulation of autophagy,,,
,Cytoskeleton,,,,
,,Regulation of actin cytoskeleton,,,
,,Cytoskeleton proteins,,,
,,,b3251,,
,,,b0095,,
,,,b1175,,
,Cell Motility,,,,
,,Bacterial chemotaxis,,,
,,,b4355,,
,,,b1886,,
,,,b1421,,
,,,b1885,,
,,,b3072,,
,,,b4034,,
,,,b3751,,
,,,b2150,,
,,,b3544,,
,,,b1888,,
,,,b1887,,
,,,b1882,,
,,,b1881,,
,,,b1883,,
,,,b1884,,
,,,b1939,,
,,,b1945,,
,,,b1946,,
,,,b1890,,
,,,b1889,,
,,Bacterial motility proteins,,,
,,,b1888,,
,,,b1887,,
,,,b1884,,
,,,b1883,,
,,,b1882,,
,,,b1881,,
,,,b4355,,
,,,b1886,,
,,,b1421,,
,,,b1885,,
,,,b3072,,
,,,b1940,,
,,,b1941,,
,,,b1947,,
,,,b1948,,
,,,b1949,,
,,,b1950,,
,,,b1879,,
,,,b1880,,
,,,b1878,,
,,,b1890,,
,,,b1889,,
,,,b1939,,
,,,b1945,,
,,,b1946,,
,,,b1938,,
,,,b1080,,
,,,b1072,,
,,,b1079,,
,,,b1073,,
,,,b1074,,
,,,b1075,,
,,,b1077,,
,,,b1078,,
,,,b1081,,
,,,b1076,,
,,,b1937,,
,,,b1082,,
,,,b1083,,
,,,b1924,,
,,,b1943,,
,,,b1944,,
,,,b1923,,
,,,b1891,,
,,,b1892,,
,,,b1922,,
,,,b1071,,
,,,b1070,,
,,,b1942,,
,,,b1925,,
,,,b1926,,
,,,b1920,,
,,,b1921,,
,,,b2950,,
,,,b2972,,
,,,b4314,,
,,,b4316,,
,,,b4317,,
,,,b4318,,
,,,b4319,,
,,,b4320,,
,,,b4315,,
,,,b0530,,
,,,b0531,,
,,,b0532,,
,,,b0534,,
,,,b0533,,
,,Flagellar assembly,,,
,,,b1879,,
,,,b1880,,
,,,b1950,,
,,,b1949,,
,,,b1948,,
,,,b1947,,
,,,b1946,,
,,,b1945,,
,,,b1889,,
,,,b1890,,
,,,b1891,,
,,,b1892,,
,,,b1076,,
,,,b1075,,
,,,b1943,,
,,,b1942,,
,,,b1941,,
,,,b1940,,
,,,b1939,,
,,,b1938,,
,,,b1937,,
,,,b1074,,
,,,b1073,,
,,,b1072,,
,,,b1071,,
,,,b1070,,
,,,b1077,,
,,,b1078,,
,,,b1079,,
,,,b1080,,
,,,b1082,,
,,,b1083,,
,,,b1923,,
,,,b1924,,
,,,b1925,,
,,,b1926,,
,Cell Growth and Death,,,,
,,Cell cycle,,,
,,Cell cycle - Caulobacter,,,
,,,b3702,,
,,,b4052,,
,,,b0439,,
,,,b0095,,
,,,b0093,,
,,,b0094,,
,,,b0089,,
,,,b0090,,
,,,b0176,,
,,,b0438,,
,,,b0437,,
,,Cytokinesis,,,
,,Meiosis,,,
,,Oocyte meiosis,,,
,,Apoptosis,,,
,,p53 signaling pathway,,,
,,Cell wall,,,
,Cell Communication,,,,
,,Focal adhesion,,,
,,Adherens junction,,,
,,Tight junction,,,
,,Gap junction,,,
Metabolism,,,,,
,Membrane Transport,,,,
,,Transporters,,,
,,,b0914,,
,,,b0448,,
,,,b0887,,
,,,b0879,,
,,,b2211,,
,,,b1496,,
,,,b3917,,
,,,b2424,,
,,,b2423,,
,,,b2422,,
,,,b0936,,
,,,b0934,,
,,,b0933,,
,,,b0763,,
,,,b0764,,
,,,b0765,,
,,,b0760,,
,,,b0263,,
,,,b0262,,
,,,b0068,,
,,,b0067,,
,,,b0066,,
,,,b1754,,
,,,b1755,,
,,,b1756,,
,,,b1123,,
,,,b1124,,
,,,b1125,,
,,,b1126,,
,,,b0854,,
,,,b0857,,
,,,b0856,,
,,,b0855,,
,,,b1440,,
,,,b1443,,
,,,b1442,,
,,,b1441,,
,,,b2679,,
,,,b2678,,
,,,b2677,,
,,,b2131,,
,,,b2130,,
,,,b2129,,
,,,b4034,,
,,,b4033,,
,,,b4032,,
,,,b4035,,
,,,b3453,,
,,,b3452,,
,,,b3451,,
,,,b3450,,
,,,b1310,,
,,,b1311,,
,,,b1312,,
,,,b3193,,
,,,b3194,,
,,,b3195,,
,,,b0491,,
,,,b0490,,
,,,b3751,,
,,,b3750,,
,,,b3749,,
,,,b1901,,
,,,b4460,,
,,,b1900,,
,,,b2150,,
,,,b2148,,
,,,b2149,,
,,,b3566,,
,,,b3568,,
,,,b3567,,
,,,b4088,,
,,,b4086,,
,,,b4087,,
,,,b1516,,
,,,b1514,,
,,,b1515,,
,,,b1513,,
,,,b4227,,
,,,b4231,,
,,,b4485,,
,,,b3728,,
,,,b3727,,
,,,b3726,,
,,,b3725,,
,,,b4105,,
,,,b4104,,
,,,b4106,,
,,,b4096,,
,,,b4097,,
,,,b2310,,
,,,b2307,,
,,,b2308,,
,,,b2306,,
,,,b2309,,
,,,b2307,,
,,,b2308,,
,,,b2306,,
,,,b0811,,
,,,b0810,,
,,,b0809,,
,,,b0860,,
,,,b0863,,
,,,b0861,,
,,,b0862,,
,,,b0864,,
,,,b0655,,
,,,b0653,,
,,,b0654,,
,,,b0652,,
,,,b3268,,
,,,b3269,,
,,,b3270,,
,,,b3271,,
,,,b1920,,
,,,b1918,,
,,,b1917,,
,,,b3460,,
,,,b3457,,
,,,b3456,,
,,,b3455,,
,,,b3454,,
,,,b3661,,
,,,b0198,,
,,,b0199,,
,,,b3544,,
,,,b3543,,
,,,b3542,,
,,,b3541,,
,,,b3540,,
,,,b3476,,
,,,b3477,,
,,,b3478,,
,,,b3479,,
,,,b3480,,
,,,b0830,,
,,,b0831,,
,,,b0832,,
,,,b0829,,
,,,b2177,,
,,,b2178,,
,,,b2179,,
,,,b2180,,
,,,b4290,,
,,,b4289,,
,,,b4287,,
,,,b0158,,
,,,b1711,,
,,,b1709,,
,,,b1857,,
,,,b1859,,
,,,b1858,,
,,,b3485,,
,,,b0127,,
,,,b0794,,
,,,b1118,,
,,,b1117,,
,,,b2198,,
,,,b2199,,
,,,b2200,,
,,,b2201,,
,,,b3462,,
,,,b3463,,
,,,b4261,,
,,,b4262,,
,,,b3201,,
,,,b1682,,
,,,b2943,,
,,,b2841,,
,,,b4031,,
,,,b0343,,
,,,b2801,,
,,,b3659,,
,,,b2964,,
,,,b2406,,
,,,b4464,,
,,,b2587,,
,,,b4111,,
,,,b1981,,
,,,b3547,,
,,,b3224,,
,,,b2789,,
,,,b3093,,
,,,b3691,,
,,,b3127,,
,,,b0353,,
,,,b1791,,
,,,b2536,,
,,,b3666,,
,,,b2240,,
,,,b3667,,
,,,b1469,,
,,,b2835,,
,,,b0591,,
,,,b0433,,
,,,b2182,,
,,,b2367,,
,,,b0842,,
,,,b1053,,
,,,b1065,,
,,,b3710,,
,,,b1657,,
,,,b1528,,
,,,b3662,,
,,,b3673,,
,,,b2686,,
,,,b1828,,
,,,b0479,,
,,,b1596,,
,,,b0898,,
,,,b3364,,
,,,b0045,,
,,,b1775,,
,,,b3947,,
,,,b2829,,
,,,b2415,,
,,,b3206,,
,,,b2417,,
,,,b1101,,
,,,b0679,,
,,,b2417,,
,,,b1621,,
,,,b3722,,
,,,b2417,,
,,,b2715,,
,,,b2417,,
,,,b4240,,
,,,b2417,,
,,,b2429,,
,,,b2417,,
,,,b3683,,
,,,b2169,,
,,,b2167,,
,,,b3900,,
,,,b3953,,
,,,b3949,,
,,,b3599,,
,,,b2933,,
,,,b0731,,
,,,b1736,,
,,,b1738,,
,,,b1737,,
,,,b2704,,
,,,b2703,,
,,,b2702,,
,,,b4302,,
,,,b4565,,
,,,b4304,,
,,,b1817,,
,,,b1818,,
,,,b1819,,
,,,b3133,,
,,,b3138,,
,,,b3139,,
,,,b3140,,
,,,b4195,,
,,,b4194,,
,,,b4193,,
,,,b3204,,
,,,b1198,,
,,ABC transporters,,,
,,,b3917,,
,,,b2424,,
,,,b2423,,
,,,b2422,,
,,,b0936,,
,,,b0934,,
,,,b0933,,
,,,b0763,,
,,,b0764,,
,,,b0765,,
,,,b0760,,
,,,b0263,,
,,,b0262,,
,,,b0068,,
,,,b0067,,
,,,b0066,,
,,,b1123,,
,,,b1124,,
,,,b1125,,
,,,b1126,,
,,,b0854,,
,,,b0857,,
,,,b0856,,
,,,b0855,,
,,,b2679,,
,,,b2678,,
,,,b2677,,
,,,b2131,,
,,,b2130,,
,,,b2129,,
,,,b4034,,
,,,b4033,,
,,,b4032,,
,,,b4035,,
,,,b3453,,
,,,b3452,,
,,,b3451,,
,,,b3450,,
,,,b3751,,
,,,b3750,,
,,,b3749,,
,,,b3748,,
,,,b1901,,
,,,b4460,,
,,,b1900,,
,,,b2150,,
,,,b2148,,
,,,b2149,,
,,,b3566,,
,,,b3568,,
,,,b3567,,
,,,b4088,,
,,,b4086,,
,,,b4087,,
,,,b1516,,
,,,b1514,,
,,,b1515,,
,,,b1513,,
,,,b3728,,
,,,b3727,,
,,,b3726,,
,,,b3725,,
,,,b4105,,
,,,b4104,,
,,,b4106,,
,,,b4096,,
,,,b4097,,
,,,b2310,,
,,,b2307,,
,,,b2308,,
,,,b2306,,
,,,b2309,,
,,,b0811,,
,,,b0810,,
,,,b0809,,
,,,b0860,,
,,,b0863,,
,,,b0861,,
,,,b0862,,
,,,b0864,,
,,,b0655,,
,,,b0653,,
,,,b0654,,
,,,b0652,,
,,,b3268,,
,,,b3269,,
,,,b3270,,
,,,b3271,,
,,,b1920,,
,,,b1918,,
,,,b1917,,
,,,b3460,,
,,,b3457,,
,,,b3456,,
,,,b3455,,
,,,b3454,,
,,,b3661,,
,,,b0198,,
,,,b0199,,
,,,b3544,,
,,,b3543,,
,,,b3542,,
,,,b3541,,
,,,b3540,,
,,,b3476,,
,,,b3477,,
,,,b3478,,
,,,b3479,,
,,,b3480,,
,,,b0830,,
,,,b0831,,
,,,b0832,,
,,,b0829,,
,,,b2177,,
,,,b2178,,
,,,b2179,,
,,,b2180,,
,,,b4290,,
,,,b4289,,
,,,b4287,,
,,,b0158,,
,,,b1711,,
,,,b1709,,
,,,b1857,,
,,,b1859,,
,,,b1858,,
,,,b3485,,
,,,b0127,,
,,,b1118,,
,,,b1117,,
,,,b2198,,
,,,b2199,,
,,,b2200,,
,,,b2201,,
,,,b3462,,
,,,b3463,,
,,,b4261,,
,,,b4262,,
,,,b3201,,
,,,b0914,,
,,,b0887,,
,,,b0879,,
,,,b2211,,
,,,b1496,,
,,Phosphotransferase system (PTS),,,
,,,b3947,,
,,,b2415,,
,,,b2417,,
,,,b1101,,
,,,b0679,,
,,,b1621,,
,,,b3722,,
,,,b2715,,
,,,b4240,,
,,,b2429,,
,,,b3683,,
,,,b1736,,
,,,b1738,,
,,,b1737,,
,,,b3599,,
,,,b2933,,
,,,b0731,,
,,,b1817,,
,,,b1818,,
,,,b1819,,
,,,b3133,,
,,,b3138,,
,,,b3139,,
,,,b3140,,
,,,b2704,,
,,,b2703,,
,,,b2702,,
,,,b4302,,
,,,b4565,,
,,,b4304,,
,,,b4195,,
,,,b4194,,
,,,b4193,,
,,,b2169,,
,,,b2167,,
,,,b2829,,
,,,b3206,,
,,,b3204,,
,,Bacterial secretion system,,,
,,,b3035,,
,,,b3325,,
,,,b3324,,
,,,b3327,,
,,,b3328,,
,,,b3329,,
,,,b3330,,
,,,b3331,,
,,,b3332,,
,,,b3333,,
,,,b3334,,
,,,b3326,,
,,,b3335,,
,,,b0408,,
,,,b0409,,
,,,b3981,,
,,,b3175,,
,,,b3300,,
,,,b0407,,
,,,b3705,,
,,,b0098,,
,,,b0097,,
,,,b3464,,
,,,b3609,,
,,,b2610,,
,,,b3836,,
,,,b3838,,
,,,b3839,,
,,,b0627,,
,,Secretion system,,,
,,,b3035,,
,,,b3035,,
,,,b3323,,
,,,b3322,,
,,,b3324,,
,,,b3325,,
,,,b3326,,
,,,b3327,,
,,,b3328,,
,,,b3329,,
,,,b3330,,
,,,b3331,,
,,,b3332,,
,,,b3333,,
,,,b3334,,
,,,b3335,,
,,,b2972,,
,,,b2950,,
,,,b2826,,
,,,b2825,,
,,,b2823,,
,,,b0108,,
,,,b0107,,
,,,b0106,,
,,,b3395,,
,,,b3394,,
,,,b3393,,
,,,b3392,,
,,,b3391,,
,,,b2972,,
,,,b2950,,
,,,b2952,,
,,,b0442,,
,,,b0913,,
,,,b1879,,
,,,b1880,,
,,,b1938,,
,,,b1940,,
,,,b1941,,
,,,b1946,,
,,,b1947,,
,,,b1948,,
,,,b1949,,
,,,b1950,,
,,,b2893,,
,,,b2000,,
,,,b4314,,
,,,b4316,,
,,,b4317,,
,,,b4318,,
,,,b4319,,
,,,b4320,,
,,,b1042,,
,,,b1041,,
,,,b1043,,
,,,b1039,,
,,,b1038,,
,,,b1037,,
,,,b0098,,
,,,b3609,,
,,,b0408,,
,,,b3981,,
,,,b0409,,
,,,b3175,,
,,,b0097,,
,,,b3300,,
,,,b2610,,
,,,b3464,,
,,,b0407,,
,,,b3705,,
,,,b3463,,
,,,b2610,,
,,,b3836,,
,,,b3838,,
,,,b3839,,
,,,b0627,,
,Carbohydrate Metabolism,,,,
,,Glycolysis / Gluconeogenesis,,,
,,,b2388,,
,,,b4025,,
,,,b3916,,
,,,b4232,,
,,,b3925,,
,,,b2097,,
,,,b2925,,
,,,b3919,,
,,,b1779,,
,,,b2926,,
,,,b4395,,
,,,b2779,,
,,,b1854,,
,,,b0114,,
,,,b0115,,
,,,b0116,,
,,,b0356,,
,,,b1241,,
,,,b1478,,
,,,b3589,,
,,,b2453,,
,,,b4069,,
,,,b0756,,
,,,b1002,,
,,,b0688,,
,,,b1780,,
,,,b3403,,
,,,b1734,,
,,,b3721,,
,,,b2417,,
,,,b1101,,
,,,b1621,,
,,,b3683,,
,,,b2715,,
,,Citrate cycle,,,
,,,b0720,,
,,,b1276,,
,,,b0118,,
,,,b1136,,
,,,b0726,,
,,,b0727,,
,,,b0116,,
,,,b0729,,
,,,b0728,,
,,,b0723,,
,,,b0724,,
,,,b0721,,
,,,b0722,,
,,,b4154,,
,,,b4153,,
,,,b4152,,
,,,b4151,,
,,,b4122,,
,,,b1611,,
,,,b3236,,
,,,b3403,,
,,,b0615,,
,,,b0616,,
,,,b0617,,
,,,b0114,,
,,,b0115,,
,,Pentose phosphate pathway,,,
,,,b4025,,
,,,b1852,,
,,,b0767,,
,,,b2029,,
,,,b3386,,
,,,b2935,,
,,,b2464,,
,,,b2914,,
,,,b4090,,
,,,b4381,,
,,,b3752,,
,,,b4383,,
,,,b0688,,
,,,b4094,,
,,,b1207,,
,,,b1851,,
,,,b1850,,
,,,b0124,,
,,,b3553,,
,,,b4268,,
,,,b3526,,
,,,b2925,,
,,,b2097,,
,,,b3916,,
,,,b4232,,
,,,b3925,,
,,Pentose and glucuronate interconversions,,,
,,,b0772,,
,,,b2843,,
,,,b2842,,
,,,b3526,,
,,,b1850,,
,,,b3092,,
,,,b1521,,
,,,b3091,,
,,,b4322,,
,,,b4323,,
,,,b1617,,
,,,b2028,,
,,,b2042,,
,,,b3575,,
,,,b3580,,
,,,b3581,,
,,,b3582,,
,,,b0061,,
,,,b3583,,
,,,b3386,,
,,,b0062,,
,,,b0063,,
,,,b3564,,
,,,b3565,,
,,,b3904,,
,,,b3902,,
,,Fructose and mannose metabolism,,,
,,,b0394,,
,,,b1613,,
,,,b2048,,
,,,b2049,,
,,,b2053,,
,,,b2052,,
,,,b2802,,
,,,b2803,,
,,,b2800,,
,,,b2245,,
,,,b2247,,
,,,b3903,,
,,,b3904,,
,,,b3902,,
,,,b1955,,
,,,b3916,,
,,,b4232,,
,,,b3925,,
,,,b2293,,
,,,b3600,,
,,,b2705,,
,,,b2168,,
,,,b3565,,
,,,b2925,,
,,,b2097,,
,,,b3919,,
,,,b2169,,
,,,b2167,,
,,,b1817,,
,,,b1818,,
,,,b1819,,
,,,b3599,,
,,,b2933,,
,,,b2704,,
,,,b2703,,
,,,b2702,,
,,Galactose metabolism,,,
,,,b0757,,
,,,b0759,,
,,,b2042,,
,,,b0688,,
,,,b2388,,
,,,b0344,,
,,,b3076,,
,,,b3077,,
,,,b0758,,
,,,b4119,,
,,,b4302,,
,,,b4565,,
,,,b4304,,
,,,b2091,,
,,,b3132,,
,,,b3916,,
,,,b3137,,
,,,b4478,,
,,,b3693,,
,,,b4477,,
,,,b0403,,
,,,b3133,,
,,,b3141,,
,,,b3138,,
,,,b3139,,
,,,b3140,,
,,Ascorbate and aldarate metabolism,,,
,,,b2028,,
,,,b4195,,
,,,b4194,,
,,,b4193,,
,,,b4192,,
,,,b4196,,
,,,b4197,,
,,,b4198,,
,,,b3575,,
,,,b3580,,
,,,b2787,,
,,,b3126,,
,,,b3128,,
,,Starch and sucrose metabolism,,,
,,,b0403,,
,,,b2132,,
,,,b1896,,
,,,b1897,,
,,,b3519,,
,,,b4239,,
,,,b1317,,
,,,b2417,,
,,,b1621,,
,,,b4240,,
,,,b2028,,
,,,b1617,,
,,,b0271,,
,,,b0772,,
,,,b2042,,
,,,b0688,,
,,,b2388,,
,,,b4025,,
,,,b0394,,
,,,b3430,,
,,,b3429,,
,,,b3432,,
,,,b3428,,
,,,b1309,,
,,,b3571,,
,,,b3416,,
,,,b3533,,
,,,b3531,,
,,Amino sugar and nucleotide sugar metabolism,,,
,,,b3338,,
,,,b1107,,
,,,b2417,,
,,,b2429,,
,,,b2428,,
,,,b0679,,
,,,b1119,,
,,,b3730,,
,,,b3786,,
,,,b3222,,
,,,b3223,,
,,,b3225,,
,,,b3787,,
,,,b3189,,
,,,b3972,,
,,,b3176,,
,,,b0677,,
,,,b0394,,
,,,b0678,,
,,,b3729,,
,,,b1120,,
,,,b0271,,
,,,b2255,,
,,,b2253,,
,,,b2254,,
,,,b1101,,
,,,b2388,,
,,,b4025,,
,,,b0688,,
,,,b2042,,
,,,b0758,,
,,,b2028,,
,,,b0757,,
,,,b0759,,
,,,b1817,,
,,,b1818,,
,,,b1819,,
,,,b2048,,
,,,b2049,,
,,,b2053,,
,,,b1613,,
,,,b2052,,
,,,b3430,,
,,Pyruvate metabolism,,,
,,,b4069,,
,,,b0114,,
,,,b0115,,
,,,b0116,,
,,,b3951,,
,,,b1241,,
,,,b0351,,
,,,b2455,,
,,,b2296,,
,,,b2297,,
,,,b2458,,
,,,b1854,,
,,,b0185,,
,,,b3255,,
,,,b3256,,
,,,b2316,,
,,,b0968,,
,,,b3605,,
,,,b0871,,
,,,b2133,,
,,,b1380,,
,,,b1415,,
,,,b1651,,
,,,b0212,,
,,,b1033,,
,,,b2799,,
,,,b0963,,
,,,b1479,,
,,,b2463,,
,,,b3236,,
,,,b2210,,
,,,b3956,,
,,,b3403,,
,,,b1702,,
,,,b4014,,
,,,b2844,,
,,,b0074,,
,,Glyoxylate and dicarboxylate metabolism,,,
,,,b4015,,
,,,b4014,,
,,,b3236,,
,,,b0720,,
,,,b1276,,
,,,b0118,,
,,,b2844,,
,,,b2917,,
,,,b2979,,
,,,b4468,,
,,,b4467,,
,,,b3385,,
,,,b0507,,
,,,b0508,,
,,,b3125,,
,,,b3124,,
,,,b1033,,
,,,b1415,,
,,,b2799,,
,,,b3061,,
,,,b3062,,
,,,b1800,,
,,,b1850,,
,,,b4079,,
,,,b3893,,
,,,b3892,,
,,,b1474,,
,,,b1475,,
,,,b1476,,
,,,b1232,,
,,,b2373,,
,,Propanoate metabolism,,,
,,,b2844,,
,,,b2221,,
,,,b2222,,
,,,b4069,,
,,,b0335,,
,,,b2296,,
,,,b3115,,
,,,b2297,,
,,,b3951,,
,,,b1394,,
,,,b3846,,
,,,b2341,,
,,,b0185,,
,,,b3255,,
,,,b3256,,
,,,b2316,,
,,,b1302,,
,,,b2662,,
,,,b2919,,
,,,b2917,,
,,,b0728,,
,,,b0729,,
,,,b0333,,
,,,b0334,,
,,,b0331,,
,,Butanoate metabolism,,,
,,,b2844,,
,,,b1395,,
,,,b3846,,
,,,b2341,,
,,,b1394,,
,,,b2221,,
,,,b2222,,
,,,b1241,,
,,,b0351,,
,,,b1800,,
,,,b0723,,
,,,b0724,,
,,,b0721,,
,,,b0722,,
,,,b4154,,
,,,b4153,,
,,,b4152,,
,,,b4151,,
,,,b2661,,
,,,b1302,,
,,,b2662,,
,,,b3517,,
,,,b3951,,
,,,b0114,,
,,,b3671,,
,,,b3670,,
,,,b3769,,
,,C5-Branched dibasic acid metabolism,,,
,,,b3671,,
,,,b3670,,
,,,b3769,,
,,,b0728,,
,,,b0729,,
,,,b0072,,
,,,b0071,,
,,Inositol phosphate metabolism,,,
,,,b2533,,
,,,b0980,,
,,,b3919,,
,Energy Metabolism,,,,
,,Oxidative phosphorylation,,,
,,,b2288,,
,,,b2287,,
,,,b2286,,
,,,b2285,,
,,,b2284,,
,,,b2283,,
,,,b2282,,
,,,b2281,,
,,,b2280,,
,,,b2279,,
,,,b2278,,
,,,b2277,,
,,,b2276,,
,,,b1109,,
,,,b0723,,
,,,b0724,,
,,,b0721,,
,,,b0722,,
,,,b4154,,
,,,b4153,,
,,,b4152,,
,,,b4151,,
,,,b0428,,
,,,b0429,,
,,,b0430,,
,,,b0431,,
,,,b0432,,
,,,b0978,,
,,,b0979,,
,,,b3731,,
,,,b3732,,
,,,b3733,,
,,,b3734,,
,,,b3735,,
,,,b3736,,
,,,b3737,,
,,,b3738,,
,,,b4226,,
,,,b2501,,
,,Photosynthesis,,,
,,,b3731,,
,,,b3732,,
,,,b3733,,
,,,b3734,,
,,,b3735,,
,,,b3736,,
,,,b3737,,
,,,b3738,,
,,Photosynthesis - antenna proteins,,,
,,Carbon fixation in photosynthetic organisms,,,
,,,b2926,,
,,,b2925,,
,,,b2097,,
,,,b4232,,
,,,b3925,,
,,,b2935,,
,,,b2914,,
,,,b4090,,
,,,b3355,,
,,,b3919,,
,,,b3386,,
,,,b3956,,
,,,b0928,,
,,,b3403,,
,,,b1854,,
,,,b2463,,
,,,b3236,,
,,Carbon fixation pathways in prokaryotes,,,
,,,b1702,,
,,,b3956,,
,,,b3236,,
,,,b4122,,
,,,b1611,,
,,,b0723,,
,,,b0724,,
,,,b0721,,
,,,b0722,,
,,,b4154,,
,,,b4153,,
,,,b4152,,
,,,b4151,,
,,,b0729,,
,,,b0728,,
,,,b2341,,
,,,b3846,,
,,,b2844,,
,,,b1136,,
,,,b1276,,
,,,b0118,,
,,,b0185,,
,,,b3255,,
,,,b3256,,
,,,b2316,,
,,,b2917,,
,,,b0529,,
,,,b3941,,
,,,b2297,,
,,,b2296,,
,,,b4069,,
,,Methane metabolism,,,
,,,b3942,,
,,,b1732,,
,,,b0356,,
,,,b2154,,
,,,b4079,,
,,,b3893,,
,,,b3892,,
,,,b1474,,
,,,b1475,,
,,,b1476,,
,,,b2551,,
,,,b3124,,
,,,b2779,,
,,,b3956,,
,,,b3236,,
,,,b3941,,
,,,b2925,,
,,,b4232,,
,,,b3916,,
,,,b2296,,
,,,b2297,,
,,,b4069,,
,,,b1702,,
,,,b4395,,
,,,b2913,,
,,,b0907,,
,,,b4388,,
,,,b0019,,
,,,b1186,,
,,Nitrogen metabolism,,,
,,,b0340,,
,,,b0339,,
,,,b1224,,
,,,b1225,,
,,,b1226,,
,,,b1227,,
,,,b1468,,
,,,b1467,,
,,,b1466,,
,,,b1465,,
,,,b3365,,
,,,b3366,,
,,,b2874,,
,,,b1740,,
,,,b2905,,
,,,b3708,,
,,,b1189,,
,,,b4139,,
,,,b3744,,
,,,b2957,,
,,,b1761,,
,,,b3870,,
,,,b1524,,
,,,b3212,,
,,,b3213,,
,,,b0674,,
,,,b3008,,
,,,b1622,,
,,,b2206,,
,,,b2202,,
,,,b2203,,
,,,b2204,,
,,,b2205,,
,,,b2207,,
,,,b2208,,
,,,b4070,,
,,,b4071,,
,,,b4072,,
,,,b4073,,
,,,b4074,,
,,,b4075,,
,,,b4076,,
,,Sulfur metabolism,,,
,,,b2750,,
,,,b2751,,
,,,b2752,,
,,,b2762,,
,,,b2763,,
,,,b2764,,
,,,b3008,,
,,,b1622,,
,,,b3939,,
,,,b4013,,
,,,b3607,,
,,,b2414,,
,,,b2421,,
,Lipid Metabolism,,,,
,,Fatty acid biosynthesis,,,
,,,b0185,,
,,,b3255,,
,,,b3256,,
,,,b2316,,
,,,b1092,,
,,,b2323,,
,,,b1095,,
,,,b1091,,
,,,b1093,,
,,,b0180,,
,,,b0954,,
,,,b1288,,
,,Fatty acid elongation in mitochondria,,,
,,Fatty acid metabolism,,,
,,,b2844,,
,,,b3845,,
,,,b3846,,
,,,b2341,,
,,,b1394,,
,,,b0221,,
,,,b1805,,
,,,b2836,,
,,,b2542,,
,,,b0356,,
,,,b1241,,
,,,b1478,,
,,,b3589,,
,,Synthesis and degradation of ketone bodies,,,
,,,b2844,,
,,Steroid biosynthesis,,,
,,Primary bile acid biosynthesis,,,
,,Secondary bile acid biosynthesis,,,
,,Steroid hormone biosynthesis,,,
,,,b3801,,
,,Glycerolipid metabolism,,,
,,,b3124,,
,,,b1200,,
,,,b1199,,
,,,b3945,,
,,,b3926,,
,,,b4041,,
,,,b1090,,
,,,b3059,,
,,,b3018,,
,,,b4042,,
,,,b4359,,
,,,b4119,,
,,Glycerophospholipid metabolism,,,
,,,b3608,,
,,,b3426,,
,,,b2242,,
,,,b2243,,
,,,b4041,,
,,,b1090,,
,,,b3059,,
,,,b3018,,
,,,b4042,,
,,,b3821,,
,,,b3825,,
,,,b3449,,
,,,b2836,,
,,,b2451,,
,,,b2441,,
,,,b2440,,
,,,b3918,,
,,,b1409,,
,,,b2585,,
,,,b4160,,
,,,b1912,,
,,,b0418,,
,,,b1278,,
,,,b1249,,
,,,b0789,,
,,Ether lipid metabolism,,,
,,Sphingolipid metabolism,,,
,,,b0344,,
,,,b3801,,
,,,b4119,,
,,Arachidonic acid metabolism,,,
,,,b1710,,
,,,b3447,,
,,Linoleic acid metabolism,,,
,,alpha-Linolenic acid metabolism,,,
,,,b3821,,
,,,b3845,,
,,Biosynthesis of unsaturated fatty acids,,,
,,,b1093,,
,,,b3846,,
,,,b2341,,
,,,b0494,,
,,,b0452,,
,,,b1253,,
,,Lipid biosynthesis proteins,,,
,,,b1092,,
,,,b2323,,
,,,b1095,,
,,,b1091,,
,,,b1093,,
,,,b0180,,
,,,b0954,,
,,,b1288,,
,,,b0494,,
,,,b0452,,
,,,b1253,,
,,,b0443,,
,,,b4069,,
,,,b0335,,
,,,b1701,,
,,,b1805,,
,,,b4041,,
,,,b1090,,
,,,b3059,,
,,,b3018,,
,Nucleotide Metabolism,,,,
,,Purine metabolism,,,
,,,b3034,,
,,,b3397,,
,,,b4383,,
,,,b0688,,
,,,b1207,,
,,,b2312,,
,,,b4005,,
,,,b2500,,
,,,b1849,,
,,,b2557,,
,,,b2499,,
,,,b0522,,
,,,b0523,,
,,,b2476,,
,,,b1131,,
,,,b4006,,
,,,b0469,,
,,,b0480,,
,,,b2744,,
,,,b2291,,
,,,b4374,,
,,,b0477,,
,,,b4384,,
,,,b2407,,
,,,b2162,,
,,,b0125,,
,,,b2508,,
,,,b2518,,
,,,b2781,,
,,,b0238,,
,,,b2866,,
,,,b2867,,
,,,b2868,,
,,,b0284,,
,,,b0285,,
,,,b0286,,
,,,b2507,,
,,,b0104,,
,,,b2883,,
,,,b3648,,
,,,b1854,,
,,,b2675,,
,,,b2676,,
,,,b4238,,
,,,b0160,,
,,,b3295,,
,,,b3987,,
,,,b3988,,
,,,b3649,,
,,,b0184,,
,,,b3701,,
,,,b0470,,
,,,b0640,,
,,,b1099,,
,,,b0215,,
,,,b1842,,
,,,b4259,,
,,,b4372,,
,,,b3650,,
,,,b2502,,
,,,b3779,,
,,,b2784,,
,,,b3806,,
,,,b4177,,
,,,b1623,,
,,,b1982,,
,,,b3665,,
,,,b4213,,
,,,b0474,,
,,,b2954,,
,,,b3164,,
,,,b0049,,
,,,b2750,,
,,,b2751,,
,,,b2752,,
,,,b1970,,
,,,b0512,,
,,,b0505,,
,,,b0516,,
,,,b0517,,
,,,b2874,,
,,Pyrimidine metabolism,,,
,,,b0033,,
,,,b0032,,
,,,b4245,,
,,,b4244,,
,,,b1062,,
,,,b0945,,
,,,b3642,,
,,,b1281,,
,,,b0910,,
,,,b0171,,
,,,b2518,,
,,,b3164,,
,,,b2781,,
,,,b2780,,
,,,b3295,,
,,,b3987,,
,,,b3988,,
,,,b3649,,
,,,b0184,,
,,,b3701,,
,,,b0470,,
,,,b0640,,
,,,b1099,,
,,,b0215,,
,,,b1842,,
,,,b4259,,
,,,b4372,,
,,,b2065,,
,,,b2066,,
,,,b0480,,
,,,b2744,,
,,,b2291,,
,,,b4374,,
,,,b3831,,
,,,b2498,,
,,,b2873,,
,,,b2162,,
,,,b0337,,
,,,b0888,,
,,,b4238,,
,,,b2675,,
,,,b2676,,
,,,b3640,,
,,,b2827,,
,,,b2143,,
,,,b4382,,
,,,b4384,,
,,,b1238,,
,,,b1098,,
,,,b4213,,
,Amino Acid Metabolism,,,,
,,Alanine, aspartate and glutamate metabolism,,
,,,b0928,,
,,,b2574,,
,,,b2957,,
,,,b3744,,
,,,b0674,,
,,,b2290,,
,,,b4139,,
,,,b3172,,
,,,b3960,,
,,,b4177,,
,,,b1131,,
,,,b4245,,
,,,b4244,,
,,,b3517,,
,,,b1302,,
,,,b2662,,
,,,b2661,,
,,,b3212,,
,,,b3213,,
,,,b1761,,
,,,b1014,,
,,,b3870,,
,,,b0033,,
,,,b0032,,
,,,b1524,,
,,,b3729,,
,,,b2312,,
,,Glycine, serine and threonine metabolism,,
,,,b4024,,
,,,b0002,,
,,,b3940,,
,,,b3433,,
,,,b0003,,
,,,b0004,,
,,,b0870,,
,,,b2551,,
,,,b4388,,
,,,b0907,,
,,,b2913,,
,,,b3124,,
,,,b1033,,
,,,b3617,,
,,,b3616,,
,,,b1386,,
,,,b2903,,
,,,b2905,,
,,,b0116,,
,,,b2585,,
,,,b0311,,
,,,b0312,,
,,,b4471,,
,,,b3772,,
,,,b2366,,
,,,b1260,,
,,,b1261,,
,,Cysteine and methionine metabolism,,,
,,,b3607,,
,,,b2414,,
,,,b2421,,
,,,b3008,,
,,,b1622,,
,,,b0261,,
,,,b4019,,
,,,b3829,,
,,,b2942,,
,,,b0120,,
,,,b0121,,
,,,b0159,,
,,,b4054,,
,,,b1961,,
,,,b2687,,
,,,b4024,,
,,,b0002,,
,,,b3940,,
,,,b3433,,
,,,b4013,,
,,,b3939,,
,,,b0928,,
,,,b2521,,
,,,b1919,,
,,,b4471,,
,,Valine, leucine and isoleucine degradation,,
,,,b3770,,
,,,b0116,,
,,,b1394,,
,,,b3846,,
,,,b2341,,
,,,b3845,,
,,,b2917,,
,,,b2662,,
,,,b2844,,
,,Valine, leucine and isoleucine biosynthesis,,
,,,b3772,,
,,,b0072,,
,,,b0071,,
,,,b3671,,
,,,b3670,,
,,,b3769,,
,,,b3774,,
,,,b4297,,
,,,b3770,,
,,,b3572,,
,,,b2290,,
,,,b0074,,
,,,b0073,,
,,,b0642,,
,,,b0026,,
,,,b4258,,
,,,b0114,,
,,Lysine biosynthesis,,,
,,,b4024,,
,,,b0002,,
,,,b3940,,
,,,b3433,,
,,,b4298,,
,,,b0031,,
,,,b0166,,
,,,b3359,,
,,,b2472,,
,,,b3809,,
,,,b2838,,
,,,b3959,,
,,,b3958,,
,,,b0085,,
,,,b0086,,
,,Lysine degradation,,,
,,,b0726,,
,,,b0727,,
,,,b1394,,
,,,b3846,,
,,,b2341,,
,,,b2844,,
,,,b4131,,
,,,b0556,,
,,Arginine and proline metabolism,,,
,,,b0337,,
,,,b4117,,
,,,b2938,,
,,,b2937,,
,,,b2965,,
,,,b0121,,
,,,b0120,,
,,,b3073,,
,,,b1444,,
,,,b0237,,
,,,b1584,,
,,,b1747,,
,,,b1745,,
,,,b1748,,
,,,b1746,,
,,,b1744,,
,,,b1297,,
,,,b1301,,
,,,b1300,,
,,,b1298,,
,,,b0386,,
,,,b1014,,
,,,b0242,,
,,,b0243,,
,,,b0928,,
,,,b1850,,
,,,b4254,,
,,,b3172,,
,,,b3960,,
,,,b1524,,
,,,b3870,,
,,,b1761,,
,,,b2874,,
,,,b2818,,
,,,b3959,,
,,,b3958,,
,,,b3359,,
,,,b3957,,
,,Histidine metabolism,,,
,,,b2019,,
,,,b2026,,
,,,b2024,,
,,,b2023,,
,,,b2025,,
,,,b2021,,
,,,b2022,,
,,,b2020,,
,,,b0237,,
,,Tyrosine metabolism,,,
,,,b0928,,
,,,b2021,,
,,,b4054,,
,,,b1386,,
,,,b0356,,
,,,b1241,,
,,,b1478,,
,,,b3589,,
,,,b2661,,
,,Phenylalanine metabolism,,,
,,,b1386,,
,,,b1385,,
,,,b1398,,
,,,b0928,,
,,,b2021,,
,,,b4054,,
,,,b1189,,
,,,b3942,,
,,,b2538,,
,,,b2539,,
,,,b2540,,
,,,b2542,,
,,,b2541,,
,,,b0347,,
,,,b0348,,
,,,b0349,,
,,,b0350,,
,,,b0352,,
,,Tryptophan metabolism,,,
,,,b0726,,
,,,b1394,,
,,,b3846,,
,,,b2341,,
,,,b2844,,
,,,b3708,,
,,,b3384,,
,,,b1732,,
,,,b3942,,
,,Phenylalanine, tyrosine and tryptophan biosynthesis,,
,,,b2601,,
,,,b3389,,
,,,b1693,,
,,,b3281,,
,,,b1692,,
,,,b3390,,
,,,b0908,,
,,,b2329,,
,,,b1264,,
,,,b1263,,
,,,b1262,,
,,,b1260,,
,,,b1261,,
,,,b2600,,
,,,b2599,,
,,,b0928,,
,,,b2021,,
,,,b4054,,
,,Amino acid related enzymes,,,
,,,b2400,,
,,,b0680,,
,,,b0144,,
,,,b3384,,
,,,b1637,,
,,,b0526,,
,,,b1876,,
,,,b2114,,
,,,b0026,,
,,,b4258,,
,,,b0642,,
,,,b4129,,
,,,b4155,,
,,,b1866,,
,,,b0930,,
,,,b2514,,
,,,b3560,,
,,,b3559,,
,,,b0893,,
,,,b0194,,
,,,b1719,,
,,,b2697,,
,,,b1714,,
,,,b1713,,
,,,b0928,,
,,,b3572,,
,,,b2290,,
,,,b2379,,
,,,b4054,,
,,,b0600,,
,,,b2021,,
,,,b3617,,
,,,b0776,,
,,,b1622,,
,,,b3359,,
,,,b1748,,
,,,b2662,,
,,,b1302,,
,,,b3073,,
,,,b0774,,
,,,b0154,,
,,,b3770,,
,,,b0907,,
,,,b2253,,
,,,b3791,,
,Metabolism of Other Amino Acids,,,,
,,beta-Alanine metabolism,,,
,,,b0131,,
,,,b3517,,
,,,b0237,,
,,,b1302,,
,,,b2662,,
,,,b0121,,
,,,b1386,,
,,,b1444,,
,,,b0133,,
,,,b2873,,
,,,b1394,,
,,,b3846,,
,,,b2341,,
,,Taurine and hypotaurine metabolism,,,
,,,b3517,,
,,,b3447,,
,,,b0368,,
,,,b2297,,
,,,b2296,,
,,Phosphonate and phosphinate metabolism,,,
,,,b4108,,
,,,b1448,,
,,Selenocompound metabolism,,,
,,,b3939,,
,,,b3008,,
,,,b1622,,
,,,b4019,,
,,,b3829,,
,,,b1680,,
,,,b0888,,
,,,b1587,,
,,,b1588,,
,,,b2878,,
,,,b2751,,
,,,b2752,,
,,,b1764,,
,,,b3591,,
,,,b2114,,
,,Cyanoamino acid metabolism,,,
,,,b2132,,
,,,b3447,,
,,,b2957,,
,,,b3744,,
,,,b2551,,
,,D-Glutamine and D-glutamate metabolism,,,
,,,b3967,,
,,,b0088,,
,,,b1524,,
,,,b0091,,
,,D-Arginine and D-ornithine metabolism,,,
,,D-Alanine metabolism,,,
,,,b4053,,
,,,b0381,,
,,Glutathione metabolism,,,
,,,b3447,,
,,,b2688,,
,,,b2947,,
,,,b4260,,
,,,b2523,,
,,,b0932,,
,,,b0237,,
,,,b2302,,
,,,b3500,,
,,,b1136,,
,,,b2029,,
,,,b1852,,
,,,b1710,,
,,,b2965,,
,,,b0121,,
,,,b2988,,
,Glycan Biosynthesis and Metabolism,,,,
,,Glycosyltransferases,,,
,,,b3429,,
,,,b3533,,
,,,b3208,,
,,,b2519,,
,,,b0149,,
,,,b3396,,
,,,b0182,,
,,,b2257,,
,,,b3633,,
,,,b3624,,
,,,b3621,,
,,,b3620,,
,,,b3632,,
,,,b3623,,
,,,b3626,,
,,,b3627,,
,,,b3631,,
,,,b3628,,
,,,b3629,,
,,,b3784,,
,,,b2055,,
,,,b2057,,
,,,b3794,,
,,,b4481,,
,,,b3793,,
,,,b1896,,
,,N-Glycan biosynthesis,,,
,,Various types of N-glycan biosynthesis,,,
,,Mucin type O-glycan biosynthesis,,,
,,Other types of O-glycan biosynthesis,,,
,,Glycosaminoglycan biosynthesis - chondroitin sulfate,,,
,,Glycosaminoglycan biosynthesis - heparan sulfate,,,
,,Glycosaminoglycan biosynthesis - keratan sulfate,,,
,,Proteoglycans,,,
,,Glycosaminoglycan degradation,,,
,,,b1617,,
,,Glycosylphosphatidylinositol(GPI)-anchor biosynthesis,,,
,,Glycosphingolipid biosynthesis - lacto and neolacto series,,,
,,Glycosphingolipid biosynthesis - globo series,,,
,,,b4119,,
,,Glycosphingolipid biosynthesis - ganglio series,,,
,,Lipopolysaccharide biosynthesis,,,
,,,b0181,,
,,,b0096,,
,,,b0179,,
,,,b0524,,
,,,b0182,,
,,,b0915,,
,,,b1215,,
,,,b3198,,
,,,b0918,,
,,,b3633,,
,,,b1054,,
,,,b1855,,
,,,b0222,,
,,,b3052,,
,,,b0200,,
,,,b3619,,
,,,b3621,,
,,,b3620,,
,,,b3631,,
,,,b3625,,
,,,b3630,,
,,,b3632,,
,,,b3628,,
,,,b3627,,
,,,b3623,,
,,,b3626,,
,,,b3622,,
,,Lipopolysaccharide biosynthesis proteins,,,
,,,b0182,,
,,,b0181,,
,,,b0179,,
,,,b1054,,
,,,b1855,,
,,,b0622,,
,,,b2378,,
,,,b4114,,
,,,b3546,,
,,,b0096,,
,,,b0524,,
,,,b2257,,
,,,b0915,,
,,,b3633,,
,,,b3624,,
,,,b3621,,
,,,b3620,,
,,,b3632,,
,,,b3623,,
,,,b3631,,
,,,b3627,,
,,,b3626,,
,,,b3628,,
,,,b3629,,
,,,b3630,,
,,,b3625,,
,,,b2033,,
,,,b3784,,
,,,b2035,,
,,,b3622,,
,,,b2027,,
,,,b1215,,
,,,b3198,,
,,,b0918,,
,,,b0222,,
,,,b3052,,
,,,b0200,,
,,,b3619,,
,,,b2255,,
,,,b2253,,
,,,b2254,,
,,,b2256,,
,,,b4544,,
,,,b2258,,
,,,b3786,,
,,Peptidoglycan biosynthesis,,,
,,,b3189,,
,,,b3972,,
,,,b0091,,
,,,b0088,,
,,,b0085,,
,,,b0381,,
,,,b0086,,
,,,b3057,,
,,,b0087,,
,,,b0090,,
,,,b1069,,
,,,b3208,,
,,,b2519,,
,,,b3396,,
,,,b0149,,
,,,b0635,,
,,,b0084,,
,,,b2010,,
,,,b3182,,
,,Other glycan degradation,,,
,,,b0344,,
,,,b3076,,
,,,b3077,,
,,,b0732,,
,Metabolism of Cofactors and Vitamins,,,,
,,Thiamine metabolism,,,
,,,b3994,,
,,,b2103,,
,,,b3992,,
,,,b2530,,
,,,b1680,,
,,,b0423,,
,,,b3991,,
,,,b3990,,
,,,b2104,,
,,,b3993,,
,,,b0417,,
,,,b2954,,
,,,b1106,,
,,Riboflavin metabolism,,,
,,,b1277,,
,,,b0414,,
,,,b3041,,
,,,b0415,,
,,,b1662,,
,,,b0025,,
,,,b4055,,
,,,b0980,,
,,,b0937,,
,,,b3844,,
,,Vitamin B6 metabolism,,,
,,,b1638,,
,,,b2418,,
,,,b2927,,
,,,b2320,,
,,,b0907,,
,,,b0052,,
,,,b2564,,
,,,b0004,,
,,Nicotinate and nicotinamide metabolism,,,
,,,b2574,,
,,,b0750,,
,,,b0109,,
,,,b1768,,
,,,b0931,,
,,,b0639,,
,,,b1740,,
,,,b4384,,
,,,b0480,,
,,,b2744,,
,,,b2291,,
,,,b4374,,
,,,b3996,,
,,,b3962,,
,,,b1603,,
,,,b1602,,
,,,b2615,,
,,Pantothenate and CoA biosynthesis,,,
,,,b3671,,
,,,b3670,,
,,,b3769,,
,,,b3774,,
,,,b4297,,
,,,b0134,,
,,,b0425,,
,,,b0133,,
,,,b3974,,
,,,b3639,,
,,,b3634,,
,,,b0103,,
,,,b2563,,
,,,b3475,,
,,,b0404,,
,,,b3770,,
,,,b2873,,
,,,b0131,,
,,Biotin metabolism,,,
,,,b0776,,
,,,b0774,,
,,,b1593,,
,,,b0775,,
,,,b3973,,
,,,b0556,,
,,Lipoic acid metabolism,,,
,,,b0628,,
,,,b0630,,
,,,b4386,,
,,Folate biosynthesis,,,
,,,b2153,,
,,,b0383,,
,,,b3058,,
,,,b0142,,
,,,b3177,,
,,,b0048,,
,,,b1606,,
,,,b2315,,
,,,b2765,,
,,,b0781,,
,,,b0783,,
,,,b0785,,
,,,b0784,,
,,,b1812,,
,,,b3360,,
,,,b1096,,
,,One carbon pool by folate,,,
,,,b0048,,
,,,b1606,,
,,,b0529,,
,,,b2551,,
,,,b2500,,
,,,b1849,,
,,,b4006,,
,,,b3288,,
,,,b2905,,
,,,b4019,,
,,,b2827,,
,,,b1232,,
,,,b3941,,
,,Retinol metabolism,,,
,,,b0356,,
,,,b1478,,
,,Porphyrin and chlorophyll metabolism,,,
,,,b2400,,
,,,b1210,,
,,,b0154,,
,,,b0369,,
,,,b3805,,
,,,b3804,,
,,,b3803,,
,,,b3368,,
,,,b3997,,
,,,b2436,,
,,,b3867,,
,,,b3850,,
,,,b0475,,
,,,b0428,,
,,,b1270,,
,,,b1993,,
,,,b1992,,
,,,b1991,,
,,,b0638,,
,,,b3844,,
,,,b2459,,
,,,b1617,,
,,,b1905,,
,,Ubiquinone and other terpenoid-quinone biosynthesis,,,
,,,b4039,,
,,,b4040,,
,,,b3843,,
,,,b2311,,
,,,b3835,,
,,,b2232,,
,,,b2907,,
,,,b3833,,
,,,b0662,,
,,,b2265,,
,,,b0593,,
,,,b2264,,
,,,b2263,,
,,,b2261,,
,,,b2260,,
,,,b2262,,
,,,b3930,,
,Metabolism of Terpenoids and Polyketides,,,,
,,Prenyltransferases,,,
,,,b0421,,
,,,b3187,,
,,,b0174,,
,,,b4171,,
,,,b3930,,
,,,b4040,,
,,,b0428,,
,,Terpenoid backbone biosynthesis,,,
,,,b0420,,
,,,b0173,,
,,,b2747,,
,,,b1208,,
,,,b2746,,
,,,b2515,,
,,,b0029,,
,,,b2844,,
,,,b2889,,
,,,b0421,,
,,,b3187,,
,,,b0174,,
,,Monoterpenoid biosynthesis,,,
,,Sesquiterpenoid biosynthesis,,,
,,Diterpenoid biosynthesis,,,
,,Carotenoid biosynthesis,,,
,,Brassinosteroid biosynthesis,,,
,,Insect hormone biosynthesis,,,
,,Zeatin biosynthesis,,,
,,,b4171,,
,,Limonene and pinene degradation,,,
,,,b1802,,
,,,b1394,,
,,,b3846,,
,,,b2341,,
,,Geraniol degradation,,,
,,,b3845,,
,,,b1394,,
,,,b3846,,
,,,b2341,,
,,Biosynthesis of 12-, 14- and 16-membered macrolides,,
,,Biosynthesis of ansamycins,,,
,,,b2935,,
,,Biosynthesis of type II polyketide backbone,,,
,,Biosynthesis of type II polyketide products,,,
,,Tetracycline biosynthesis,,,
,,,b0185,,
,,,b3255,,
,,,b3256,,
,,,b2316,,
,,Polyketide sugar unit biosynthesis,,,
,,,b3789,,
,,,b3788,,
,,,b2038,,
,,,b2040,,
,,Biosynthesis of siderophore group nonribosomal peptides,,,
,,,b2265,,
,,,b0593,,
,,,b0595,,
,,,b0596,,
,,,b0594,,
,,,b0586,,
,,Biosynthesis of vancomycin group antibiotics,,,
,,,b3788,,
,Biosynthesis of Other Secondary Metabolites,,,,
,,Phenylpropanoid biosynthesis,,,
,,,b2132,,
,,,b3942,,
,,Stilbenoid, diarylheptanoid and gingerol biosynthesis,,
,,,b1802,,
,,Flavonoid biosynthesis,,,
,,Flavone and flavonol biosynthesis,,,
,,,b1617,,
,,Anthocyanin biosynthesis,,,
,,Isoflavonoid biosynthesis,,,
,,Indole alkaloid biosynthesis,,,
,,Isoquinoline alkaloid biosynthesis,,,
,,,b0928,,
,,,b4054,,
,,,b1386,,
,,Tropane, piperidine and pyridine alkaloid biosynthesis,,
,,,b1386,,
,,,b0928,,
,,,b2021,,
,,,b4054,,
,,,b0476,,
,,,b4131,,
,,Acridone alkaloid biosynthesis,,,
,,Caffeine metabolism,,,
,,Betalain biosynthesis,,,
,,Glucosinolate biosynthesis,,,
,,Benzoxazinoid biosynthesis,,,
,,Penicillin and cephalosporin biosynthesis,,,
,,,b4150,,
,,beta-Lactam resistance,,,
,,,b4150,,
,,Streptomycin biosynthesis,,,
,,,b2388,,
,,,b0688,,
,,,b2533,,
,,,b3789,,
,,,b3788,,
,,,b2038,,
,,,b2040,,
,,Butirosin and neomycin biosynthesis,,,
,,,b2388,,
,,Clavulanic acid biosynthesis,,,
,,Puromycin biosynthesis,,,
,,Novobiocin biosynthesis,,,
,,,b2600,,
,,,b0928,,
,,,b2021,,
,,,b4054,,
,Xenobiotics Biodegradation and Metabolism,,,,
,,Benzoate degradation,,,
,,,b3845,,
,,,b0350,,
,,,b0352,,
,,,b1241,,
,,,b0351,,
,,,b2455,,
,,,b1461,,
,,,b1394,,
,,,b1395,,
,,,b2844,,
,,Aminobenzoate degradation,,,
,,,b0968,,
,,,b1802,,
,,,b0476,,
,,,b2221,,
,,,b2222,,
,,,b1394,,
,,,b0980,,
,,,b4055,,
,,,b0383,,
,,Fluorobenzoate degradation,,,
,,,b3830,,
,,Chloroalkane and chloroalkene degradation,,,
,,,b1478,,
,,,b3589,,
,,,b0356,,
,,,b1241,,
,,Chlorocyclohexane and chlorobenzene degradation,,,
,,,b3830,,
,,Toluene degradation,,,
,,,b0723,,
,,,b0724,,
,,,b0721,,
,,,b0722,,
,,,b4154,,
,,,b4153,,
,,,b4152,,
,,,b4151,,
,,,b3830,,
,,Xylene degradation,,,
,,,b0350,,
,,,b0352,,
,,,b1241,,
,,,b0351,,
,,,b2455,,
,,Nitrotoluene degradation,,,
,,,b0851,,
,,,b0578,,
,,,b1650,,
,,,b2994,,
,,,b2997,,
,,Ethylbenzene degradation,,,
,,,b3845,,
,,,b2542,,
,,Styrene degradation,,,
,,,b1385,,
,,Atrazine degradation,,,
,,Caprolactam degradation,,,
,,,b1394,,
,,,b3846,,
,,,b2341,,
,,1,1,1-Trichloro-2,2-bis(4-chlorophenyl)ethane (DDT) degradation
,,Bisphenol degradation,,,
,,,b1802,,
,,,b0476,,
,,Dioxin degradation,,,
,,,b1461,,
,,,b0350,,
,,,b0352,,
,,,b1241,,
,,,b0351,,
,,,b2455,,
,,Naphthalene degradation,,,
,,,b1478,,
,,,b3589,,
,,,b0356,,
,,,b1241,,
,,Polycyclic aromatic hydrocarbon degradation,,,
,,,b1802,,
,,Metabolism of xenobiotics by cytochrome P450,,,
,,,b2302,,
,,,b0356,,
,,,b1478,,
,,Drug metabolism - cytochrome P450,,,
,,,b2302,,
,,,b0356,,
,,,b1478,,
,,Drug metabolism - other enzymes,,,
,,,b0125,,
,,,b2508,,
,,,b2507,,
,,,b1617,,
,,,b2143,,
,,,b4382,,
,,,b2873,,
,,,b3831,,
,,,b2066,,
,,,b1238,,
,Other enzymes,,,,
,,Other enzymes,,,
,,,b0356,,
,,,b1241,,
,,,b1478,,
,,,b3589,,
,,,b0002,,
,,,b3940,,
,,,b3945,,
,,,b3600,,
,,,b2028,,
,,,b2020,,
,,,b3281,,
,,,b2133,,
,,,b1380,,
,,,b2341,,
,,,b3846,,
,,,b3236,,
,,,b1479,,
,,,b2463,,
,,,b1136,,
,,,b2029,,
,,,b1852,,
,,,b4323,,
,,,b1521,,
,,,b3125,,
,,,b4266,,
,,,b2799,,
,,,b1033,,
,,,b1033,,
,,,b1800,,
,,,b0073,,
,,,b3774,,
,,,b1800,,
,,,b3608,,
,,,b2913,,
,,,b1093,,
,,,b3616,,
,,,b2842,,
,,,b3575,,
,,,b2040,,
,,,b2705,,
,,,b0517,,
,,,b1395,,
,,,b3972,,
,,,b1619,,
,,,b0425,,
,,,b0414,,
,,,b2508,,
,,,b3553,,
,,,b2091,,
,,,b0052,,
,,,b4267,,
,,,b0173,,
,,,b2052,,
,,,b3012,,
,,,b0207,,
,,,b1692,,
,,,b0356,,
,,,b2320,,
,,,b2255,,
,,,b3787,,
,,,b1580,,
,,,b0801,,
,,,b3605,,
,,,b2979,,
,,,b0124,,
,,,b3426,,
,,,b2242,,
,,,b2243,,
,,,b2210,,
,,,b0311,,
,,,b0599,,
,,,b3882,,
,,,b2736,,
,,,b3011,,
,,,b4079,,
,,,b3893,,
,,,b3892,,
,,,b1474,,
,,,b1475,,
,,,b1476,,
,,,b0312,,
,,,b1241,,
,,,b0351,,
,,,b3433,,
,,,b1779,,
,,,b2661,,
,,,b1444,,
,,,b1415,,
,,,b1415,,
,,,b3958,,
,,,b1385,,
,,,b0243,,
,,,b1210,,
,,,b1746,,
,,,b2927,,
,,,b3588,,
,,,b3958,,
,,,b1525,,
,,,b1300,,
,,,b0114,,
,,,b0726,,
,,,b0871,,
,,,b1288,,
,,,b2600,,
,,,b0031,,
,,,b0596,,
,,,b3081,,
,,,b3368,,
,,,b2541,,
,,,b2436,,
,,,b3850,,
,,,b0945,,
,,,b0723,,
,,,b0724,,
,,,b4154,,
,,,b4153,,
,,,b3867,,
,,,b0221,,
,,,b0039,,
,,,b1761,,
,,,b3212,,
,,,b3213,,
,,,b3212,,
,,,b3213,,
,,,b1638,,
,,,b2574,,
,,,b1386,,
,,,b1301,,
,,,b2903,,
,,,b1189,,
,,,b0386,,
,,,b0048,,
,,,b1606,,
,,,b0529,,
,,,b1014,,
,,,b3941,,
,,,b0937,,
,,,b3844,,
,,,b0578,,
,,,b1007,,
,,,b1606,,
,,,b1059,,
,,,b1014,,
,,,b3962,,
,,,b1603,,
,,,b1602,,
,,,b2288,,
,,,b2287,,
,,,b2285,,
,,,b2284,,
,,,b2283,,
,,,b2282,,
,,,b2281,,
,,,b2280,,
,,,b2279,,
,,,b2278,,
,,,b2277,,
,,,b2276,,
,,,b2286,,
,,,b4051,,
,,,b1109,,
,,,b3365,,
,,,b3366,,
,,,b0104,,
,,,b2794,,
,,,b4070,,
,,,b0997,,
,,,b1872,,
,,,b1224,,
,,,b1225,,
,,,b1226,,
,,,b1227,,
,,,b2206,,
,,,b1468,,
,,,b1467,,
,,,b1465,,
,,,b1466,,
,,,b2764,,
,,,b2763,,
,,,b0116,,
,,,b3500,,
,,,b2582,,
,,,b4136,,
,,,b0888,,
,,,b2762,,
,,,b4219,,
,,,b1778,,
,,,b0894,,
,,,b0978,,
,,,b0979,,
,,,b0432,,
,,,b0431,,
,,,b0430,,
,,,b3518,,
,,,b1732,,
,,,b3942,,
,,,b3942,,
,,,b1710,,
,,,b0605,,
,,,b2480,,
,,,b1324,,
,,,b2994,,
,,,b2997,,
,,,b0348,,
,,,b0368,,
,,,b2212,,
,,,b0804,,
,,,b2552,,
,,,b2538,,
,,,b2539,,
,,,b0662,,
,,,b2907,,
,,,b0347,,
,,,b0935,,
,,,b1802,,
,,,b1012,,
,,,b3908,,
,,,b1646,,
,,,b3844,,
,,,b1905,,
,,,b0029,,
,,,b2866,,
,,,b0284,,
,,,b0285,,
,,,b2867,,
,,,b2675,,
,,,b2676,,
,,,b4238,,
,,,b2515,,
,,,b3924,,
,,,b2542,,
,,,b3503,,
,,,b4237,,
,,,b3952,,
,,,b1587,,
,,,b1588,,
,,,b2878,,
,,,b3003,,
,,,b4049,,
,,,b3260,,
,,,b2140,,
,,,b3551,,
,,,b1008,,
,,,b0851,,
,,,b0578,,
,,,b1650,,
,,,b0872,,
,,,b2481,,
,,,b2482,,
,,,b2483,,
,,,b2484,,
,,,b2485,,
,,,b2486,,
,,,b2487,,
,,,b2489,,
,,,b2490,,
,,,b4269,,
,,,b0325,,
,,,b0261,,
,,,b4019,,
,,,b3829,,
,,,b2607,,
,,,b2960,,
,,,b3651,,
,,,b3965,,
,,,b1961,,
,,,b2827,,
,,,b1335,,
,,,b2213,,
,,,b2232,,
,,,b4349,,
,,,b3387,,
,,,b3262,,
,,,b2330,,
,,,b2743,,
,,,b1661,,
,,,b1884,,
,,,b3368,,
,,,b3803,,
,,,b1519,,
,,,b3833,,
,,,b3740,,
,,,b3465,,
,,,b4371,,
,,,b0948,,
,,,b3084,,
,,,b0807,,
,,,b0051,,
,,,b1822,,
,,,b2232,,
,,,b3179,,
,,,b3335,,
,,,b1212,,
,,,b4403,,
,,,b2972,,
,,,b3259,,
,,,b3833,,
,,,b0859,,
,,,b2581,,
,,,b2785,,
,,,b3606,,
,,,b4180,,
,,,b0082,,
,,,b3289,,
,,,b2517,,
,,,b0967,,
,,,b2946,,
,,,b1835,,
,,,b2551,,
,,,b1849,,
,,,b2500,,
,,,b4006,,
,,,b3288,,
,,,b2905,,
,,,b0134,,
,,,b2255,,
,,,b4245,,
,,,b4254,,
,,,b2935,,
,,,b2464,,
,,,b3671,,
,,,b3670,,
,,,b3769,,
,,,b0420,,
,,,b2264,,
,,,b2818,,
,,,b2297,,
,,,b2844,,
,,,b0115,,
,,,b4041,,
,,,b1090,,
,,,b3059,,
,,,b3845,,
,,,b0342,,
,,,b3617,,
,,,b3607,,
,,,b1092,,
,,,b2836,,
,,,b2323,,
,,,b4013,,
,,,b0776,,
,,,b3018,,
,,,b3951,,
,,,b1584,,
,,,b0727,,
,,,b0459,,
,,,b1747,,
,,,b0166,,
,,,b1463,,
,,,b4373,,
,,,b1066,,
,,,b0181,,
,,,b3730,,
,,,b1095,,
,,,b1091,,
,,,b0630,,
,,,b1448,,
,,,b0594,,
,,,b1054,,
,,,b0179,,
,,,b1855,,
,,,b1397,,
,,,b1427,,
,,,b2054,,
,,,b2058,,
,,,b0657,,
,,,b3156,,
,,,b3441,,
,,,b3550,,
,,,b4012,,
,,,b4256,,
,,,b1932,,
,,,b0234,,
,,,b2033,,
,,,b4093,,
,,,b0622,,
,,,b2378,,
,,,b3447,,
,,,b0885,,
,,,b0720,,
,,,b0333,,
,,,b4014,,
,,,b0074,,
,,,b3428,,
,,,b1309,,
,,,b3533,,
,,,b1896,,
,,,b3432,,
,,,b3429,,
,,,b3416,,
,,,b3626,,
,,,b0084,,
,,,b0149,,
,,,b0182,,
,,,b0090,,
,,,b3628,,
,,,b3631,,
,,,b3794,,
,,,b3793,,
,,,b3627,,
,,,b1049,,
,,,b3208,,
,,,b3396,,
,,,b2519,,
,,,b4481,,
,,,b3629,,
,,,b4384,,
,,,b3831,,
,,,b4382,,
,,,b0469,,
,,,b0125,,
,,,b2498,,
,,,b3642,,
,,,b0931,,
,,,b2312,,
,,,b2019,,
,,,b1263,,
,,,b0109,,
,,,b1991,,
,,,b0238,,
,,,b0406,,
,,,b2023,,
,,,b2407,,
,,,b0421,,
,,,b3993,,
,,,b2942,,
,,,b3189,,
,,,b1662,,
,,,b0421,,
,,,b3177,,
,,,b0121,,
,,,b1270,,
,,,b2459,,
,,,b2302,,
,,,b0908,,
,,,b0174,,
,,,b2414,,
,,,b2421,,
,,,b3939,,
,,,b2601,,
,,,b1215,,
,,,b3805,,
,,,b0750,,
,,,b3930,,
,,,b4171,,
,,,b0415,,
,,,b3187,,
,,,b0428,,
,,,b3930,,
,,,b4040,,
,,,b0928,,
,,,b2290,,
,,,b2021,,
,,,b3359,,
,,,b3729,,
,,,b3359,,
,,,b1302,,
,,,b2662,,
,,,b2662,,
,,,b3770,,
,,,b0907,,
,,,b4054,,
,,,b0774,,
,,,b3572,,
,,,b2290,,
,,,b1748,,
,,,b3073,,
,,,b3360,,
,,,b1812,,
,,,b2253,,
,,,b2379,,
,,,b0600,,
,,,b2564,,
,,,b2388,,
,,,b0394,,
,,,b3904,,
,,,b0757,,
,,,b3916,,
,,,b4268,,
,,,b3752,,
,,,b0063,,
,,,b3564,,
,,,b3355,,
,,,b1238,,
,,,b2615,,
,,,b0103,,
,,,b2750,,
,,,b0025,,
,,,b3926,,
,,,b3124,,
,,,b3974,,
,,,b2418,,
,,,b0003,,
,,,b1854,,
,,,b3526,,
,,,b2066,,
,,,b2103,,
,,,b2104,,
,,,b2803,,
,,,b3580,,
,,,b4084,,
,,,b2168,,
,,,b3693,,
,,,b1119,,
,,,b3222,,
,,,b3133,,
,,,b2715,,
,,,b3722,,
,,,b1736,,
,,,b1738,,
,,,b2169,,
,,,b2167,,
,,,b4302,,
,,,b4565,,
,,,b2417,,
,,,b1101,,
,,,b2704,,
,,,b2703,,
,,,b1621,,
,,,b1817,,
,,,b3599,,
,,,b2933,,
,,,b0679,,
,,,b3204,,
,,,b4240,,
,,,b4195,,
,,,b4194,,
,,,b3138,,
,,,b2429,,
,,,b0731,,
,,,b3900,,
,,,b3953,,
,,,b3390,,
,,,b0477,,
,,,b1106,,
,,,b4042,,
,,,b0915,,
,,,b3132,,
,,,b1208,,
,,,b1993,,
,,,b3630,,
,,,b3625,,
,,,b3052,,
,,,b1200,,
,,,b1199,,
,,,b4331,,
,,,b1640,,
,,,b3374,,
,,,b1511,,
,,,b2296,,
,,,b2874,,
,,,b2926,,
,,,b4024,,
,,,b0002,,
,,,b3940,,
,,,b3959,,
,,,b0242,,
,,,b3115,,
,,,b3959,,
,,,b3947,,
,,,b2829,,
,,,b2501,,
,,,b0474,,
,,,b2518,,
,,,b2103,,
,,,b3648,,
,,,b1098,,
,,,b0910,,
,,,b0417,,
,,,b0171,,
,,,b4094,,
,,,b1207,,
,,,b0142,,
,,,b2784,,
,,,b0025,,
,,,b3634,,
,,,b2751,,
,,,b2752,,
,,,b3295,,
,,,b3987,,
,,,b3988,,
,,,b3649,,
,,,b0060,,
,,,b0184,,
,,,b3701,,
,,,b4259,,
,,,b0640,,
,,,b1099,,
,,,b0215,,
,,,b0470,,
,,,b4372,,
,,,b1842,,
,,,b0231,,
,,,b3164,,
,,,b2042,,
,,,b0758,,
,,,b0639,,
,,,b0143,,
,,,b2049,,
,,,b3730,,
,,,b3789,,
,,,b3430,,
,,,b0918,,
,,,b1409,,
,,,b3053,,
,,,b3643,,
,,,b0594,,
,,,b0167,,
,,,b2747,,
,,,b0614,,
,,,b1993,,
,,,b4386,,
,,,b1794,,
,,,b3056,,
,,,b3066,,
,,,b0586,,
,,,b3992,,
,,,b3052,,
,,,b2576,,
,,,b1912,,
,,,b2563,,
,,,b2585,,
,,,b0087,,
,,,b4359,,
,,,b0613,,
,,,b1992,,
,,,b2254,,
,,,b0583,,
,,,b3784,,
,,,b1249,,
,,,b0789,,
,,,b3475,,
,,,b1702,,
,,,b1764,,
,,,b4016,,
,,,b2380,,
,,,b1968,,
,,,b1888,,
,,,b0400,,
,,,b1129,,
,,,b3404,,
,,,b1609,,
,,,b3911,,
,,,b4399,,
,,,b2078,,
,,,b4112,,
,,,b0570,,
,,,b3026,,
,,,b0695,,
,,,b0993,,
,,,b3210,,
,,,b1222,,
,,,b2469,,
,,,b3668,,
,,,b2216,,
,,,b2218,,
,,,b2786,,
,,,b2370,,
,,,b0619,,
,,,b4125,,
,,,b3869,,
,,,b4003,,
,,,b2219,,
,,,b2556,,
,,,b2918,,
,,,b2521,,
,,,b3425,,
,,,b2521,,
,,,b0775,,
,,,b2530,,
,,,b1680,,
,,,b0628,,
,,,b2221,,
,,,b2222,,
,,,b0615,,
,,,b2374,,
,,,b0038,,
,,,b3591,,
,,,b2044,,
,,,b3633,,
,,,b0785,,
,,,b2257,,
,,,b3624,,
,,,b2828,,
,,,b3825,,
,,,b0494,,
,,,b0772,,
,,,b1204,,
,,,b0767,,
,,,b3821,,
,,,b3830,,
,,,b1883,,
,,,b0476,,
,,,b4192,,
,,,b0212,,
,,,b2154,,
,,,b0494,,
,,,b0452,,
,,,b1253,,
,,,b0443,,
,,,b0383,,
,,,b0980,,
,,,b4055,,
,,,b4388,,
,,,b2744,,
,,,b2291,,
,,,b4374,,
,,,b0480,,
,,,b1002,,
,,,b3925,,
,,,b4232,,
,,,b1897,,
,,,b2022,,
,,,b1838,,
,,,b2734,,
,,,b3385,,
,,,b0822,,
,,,b2533,,
,,,b0980,,
,,,b0418,,
,,,b1278,,
,,,b3198,,
,,,b2061,,
,,,b1955,,
,,,b0638,,
,,,b4016,,
,,,b3056,,
,,,b2293,,
,,,b0200,,
,,,b2340,,
,,,b0404,,
,,,b4213,,
,,,b3449,,
,,,b1489,,
,,,b0315,,
,,,b1285,,
,,,b3056,,
,,,b0160,,
,,,b3801,,
,,,b3650,,
,,,b2011,,
,,,b1749,,
,,,b2819,,
,,,b2820,,
,,,b2822,,
,,,b2509,,
,,,b0422,,
,,,b1286,,
,,,b1804,,
,,,b2945,,
,,,b2159,,
,,,b4350,,
,,,b4348,,
,,,b3998,,
,,,b1863,,
,,,b0550,,
,,,b2567,,
,,,b0214,,
,,,b0183,,
,,,b3704,,
,,,b2268,,
,,,b1084,,
,,,b0611,,
,,,b3571,,
,,,b3531,,
,,,b3338,,
,,,b1554,,
,,,b3338,,
,,,b0403,,
,,,b2132,,
,,,b4119,,
,,,b0344,,
,,,b3076,,
,,,b0732,,
,,,b3519,,
,,,b1617,,
,,,b0271,,
,,,b1107,,
,,,b1734,,
,,,b3721,,
,,,b4239,,
,,,b3431,,
,,,b1316,,
,,,b2813,,
,,,b2701,,
,,,b2963,,
,,,b0211,,
,,,b1193,,
,,,b4392,,
,,,b1982,,
,,,b2162,,
,,,b0159,,
,,,b3549,,
,,,b2068,,
,,,b3635,,
,,,b0651,,
,,,b3153,,
,,,b2099,,
,,,b0030,,
,,,b0595,,
,,,b4260,,
,,,b0932,,
,,,b1127,,
,,,b2908,,
,,,b0168,,
,,,b2523,,
,,,b0237,,
,,,b3847,,
,,,b4021,,
,,,b1488,,
,,,b1538,,
,,,b2010,,
,,,b3182,,
,,,b1192,,
,,,b0828,,
,,,b0439,,
,,,b1845,,
,,,b4043,,
,,,b2568,,
,,,b0437,,
,,,b1830,,
,,,b0161,,
,,,b0027,,
,,,b3335,,
,,,b2972,,
,,,b0565,,
,,,b2821,,
,,,b3064,,
,,,b3498,,
,,,b3932,,
,,,b0556,,
,,,b4175,,
,,,b4174,,
,,,b0149,,
,,,b3396,,
,,,b3158,,
,,,b2717,,
,,,b2957,,
,,,b1524,,
,,,b1232,,
,,,b3957,,
,,,b2472,,
,,,b1768,,
,,,b0677,,
,,,b4169,,
,,,b0867,,
,,,b2988,,
,,,b3287,,
,,,b1298,,
,,,b1744,,
,,,b0096,,
,,,b1768,,
,,,b1120,,
,,,b2873,,
,,,b1062,,
,,,b0512,,
,,,b4150,,
,,,b1970,,
,,,b0516,,
,,,b2937,,
,,,b0505,,
,,,b1745,,
,,,b0337,,
,,,b3665,,
,,,b2883,,
,,,b1623,,
,,,b2143,,
,,,b0529,,
,,,b4006,,
,,,b2065,,
,,,b2153,,
,,,b2026,,
,,,b1277,,
,,,b0414,,
,,,b2559,,
,,,b0678,,
,,,b0219,,
,,,b3371,,
,,,b2256,,
,,,b4226,,
,,,b0968,,
,,,b2502,,
,,,b3779,,
,,,b3034,,
,,,b2954,,
,,,b2781,,
,,,b3996,,
,,,b3640,,
,,,b3918,,
,,,b3057,,
,,,b2026,,
,,,b3779,,
,,,b0049,,
,,,b0480,,
,,,b1808,,
,,,b2051,,
,,,b0524,,
,,,b0099,,
,,,b4161,,
,,,b1865,,
,,,b2830,,
,,,b3397,,
,,,b1759,,
,,,b0446,,
,,,b1134,,
,,,b2251,,
,,,b2467,,
,,,b4242,,
,,,b3469,,
,,,b0484,,
,,,b3469,,
,,,b0698,,
,,,b0697,,
,,,b0696,,
,,,b3738,,
,,,b3736,,
,,,b3737,,
,,,b3734,,
,,,b3732,,
,,,b3735,,
,,,b3731,,
,,,b3733,,
,,,b1941,,
,,,b4485,,
,,,b3749,,
,,,b1900,,
,,,b2149,,
,,,b3567,,
,,,b4087,,
,,,b4035,,
,,,b3450,,
,,,b2306,,
,,,b2422,,
,,,b3725,,
,,,b0765,,
,,,b0262,,
,,,b1126,,
,,,b2677,,
,,,b1709,,
,,,b4287,,
,,,b2201,,
,,,b4052,,
,,,b3822,,
,,,b3652,,
,,,b3778,,
,,,b3813,,
,,,b0962,,
,,,b0799,,
,,,b1413,,
,,,b0148,,
,,,b3780,,
,,,b1343,,
,,,b3162,,
,,,b0797,,
,,,b0349,,
,,,b4108,,
,,,b2373,,
,,,b0131,,
,,,b3517,,
,,,b2965,,
,,,b4131,,
,,,b4117,,
,,,b2938,,
,,,b2838,,
,,,b1281,,
,,,b3956,,
,,,b3639,,
,,,b3997,,
,,,b2919,,
,,,b0507,,
,,,b1262,,
,,,b3403,,
,,,b0120,,
,,,b4160,,
,,,b1800,,
,,,b4196,,
,,,b3581,,
,,,b3843,,
,,,b2311,,
,,,b4381,,
,,,b0870,,
,,,b2097,,
,,,b2925,,
,,,b1850,,
,,,b2800,,
,,,b3902,,
,,,b3126,,
,,,b4477,,
,,,b3058,,
,,,b3137,,
,,,b0825,,
,,,b3946,,
,,,b1517,,
,,,b2245,,
,,,b4015,,
,,,b3225,,
,,,b0615,,
,,,b0616,,
,,,b0617,,
,,,b1850,,
,,,b1264,,
,,,b1263,,
,,,b0331,,
,,,b0616,,
,,,b2262,,
,,,b1096,,
,,,b0352,,
,,,b4039,,
,,,b2025,,
,,,b3708,,
,,,b0708,,
,,,b3041,,
,,,b0339,,
,,,b4122,,
,,,b1611,,
,,,b1276,,
,,,b0118,,
,,,b4478,,
,,,b3091,,
,,,b4322,,
,,,b4297,,
,,,b1693,,
,,,b2779,,
,,,b1851,,
,,,b1394,,
,,,b2341,,
,,,b3846,,
,,,b2022,,
,,,b1260,,
,,,b1261,,
,,,b0369,,
,,,b3061,,
,,,b3062,,
,,,b0072,,
,,,b0071,,
,,,b0072,,
,,,b0071,,
,,,b2787,,
,,,b3128,,
,,,b3788,,
,,,b2053,,
,,,b2599,,
,,,b4298,,
,,,b0954,,
,,,b3804,,
,,,b0334,,
,,,b0350,,
,,,b2247,,
,,,b0340,,
,,,b2261,,
,,,b0180,,
,,,b0036,,
,,,b0004,,
,,,b0963,,
,,,b3389,,
,,,b2329,,
,,,b2765,,
,,,b0714,,
,,,b3635,,
,,,b1633,,
,,,b2263,,
,,,b2428,,
,,,b4139,,
,,,b2441,,
,,,b2440,,
,,,b2871,,
,,,b4471,,
,,,b2366,,
,,,b3772,,
,,,b3960,,
,,,b1131,,
,,,b1651,,
,,,b3008,,
,,,b1622,,
,,,b1919,,
,,,b1680,,
,,,b2687,,
,,,b2810,,
,,,b3806,,
,,,b2746,,
,,,b0475,,
,,,b3368,,
,,,b4053,,
,,,b3967,,
,,,b3809,,
,,,b2341,,
,,,b3846,,
,,,b3386,,
,,,b0759,,
,,,b0756,,
,,,b0061,,
,,,b4198,,
,,,b3583,,
,,,b3223,,
,,,b2038,,
,,,b3786,,
,,,b1780,,
,,,b3619,,
,,,b4197,,
,,,b2804,,
,,,b3901,,
,,,b3363,,
,,,b0525,,
,,,b3775,,
,,,b0441,,
,,,b0053,,
,,,b3347,,
,,,b4207,,
,,,b0028,,
,,,b3349,,
,,,b3919,,
,,,b0062,,
,,,b3565,,
,,,b2914,,
,,,b4090,,
,,,b1613,,
,,,b4025,,
,,,b3092,,
,,,b3197,,
,,,b3903,,
,,,b2024,,
,,,b2843,,
,,,b0508,,
,,,b1262,,
,,,b2802,,
,,,b3141,,
,,,b1461,,
,,,b2889,,
,,,b3846,,
,,,b2893,,
,,,b4395,,
,,,b0688,,
,,,b1317,,
,,,b4383,,
,,,b2048,,
,,,b3176,,
,,,b0154,,
,,,b0593,,
,,,b2265,,
,,,b2917,,
,,,b2599,,
,,,b2600,,
,,,b2036,,
,,,b3166,,
,,,b2318,,
,,,b2791,,
,,,b2745,,
,,,b0058,,
,,,b1269,,
,,,b1086,,
,,,b2594,,
,,,b1135,,
,,,b4022,,
,,,b2183,,
,,,b0523,,
,,,b1274,,
,,,b1763,,
,,,b2231,,
,,,b3699,,
,,,b3136,,
,,,b3582,,
,,,b0222,,
,,,b3748,,
,,,b0405,,
,,,b2303,,
,,,b1637,,
,,,b3384,,
,,,b1719,,
,,,b0642,,
,,,b0026,,
,,,b4129,,
,,,b4155,,
,,,b2697,,
,,,b4258,,
,,,b2114,,
,,,b0893,,
,,,b1866,,
,,,b3560,,
,,,b3559,,
,,,b0194,,
,,,b0526,,
,,,b2400,,
,,,b0680,,
,,,b1876,,
,,,b1714,,
,,,b1713,,
,,,b2514,,
,,,b0930,,
,,,b4069,,
,,,b1805,,
,,,b0729,,
,,,b0728,,
,,,b0335,,
,,,b2836,,
,,,b2260,,
,,,b1398,,
,,,b0037,,
,,,b1701,,
,,,b3744,,
,,,b3870,,
,,,b1740,,
,,,b2988,,
,,,b1297,,
,,,b0133,,
,,,b2688,,
,,,b2947,,
,,,b0381,,
,,,b3639,,
,,,b2476,,
,,,b0091,,
,,,b0088,,
,,,b0086,,
,,,b2315,,
,,,b0085,,
,,,b2315,,
,,,b4233,,
,,,b2499,,
,,,b1593,,
,,,b2780,,
,,,b4177,,
,,,b3172,,
,,,b4005,,
,,,b3256,,
,,,b3973,,
,,,b0522,,
,,,b0188,,
,,,b2507,,
,,,b2557,,
,,,b0674,,
,,,b0033,,
,,,b0032,,
,,,b3256,,
,,,b0185,,
,,,b2316,,
,,,b3647,,
,,,b4475,,
,,Protein kinases,,,
,,,b0400,,
,,,b1129,,
,,,b3404,,
,,,b1609,,
,,,b3911,,
,,,b4399,,
,,,b2078,,
,,,b4112,,
,,,b0570,,
,,,b3026,,
,,,b0695,,
,,,b0993,,
,,,b3210,,
,,,b1968,,
,,,b1222,,
,,,b2469,,
,,,b3668,,
,,,b2216,,
,,,b2218,,
,,,b2786,,
,,,b2370,,
,,,b0619,,
,,,b4125,,
,,,b2380,,
,,,b3869,,
,,,b4003,,
,,,b2219,,
,,,b2556,,
,,,b1888,,
,,Cytochrome P450,,,
Organismal Systems,,,,,
,Immune System,,,,
,,Hematopoietic cell lineage,,,
,,Complement and coagulation cascades,,,
,,Toll-like receptor signaling pathway,,,
,,NOD-like receptor signaling pathway,,,
,,,b0473,,
,,RIG-I-like receptor signaling pathway,,,
,,Cytosolic DNA-sensing pathway,,,
,,Natural killer cell mediated cytotoxicity,,,
,,Antigen processing and presentation,,,
,,,b0473,,
,,T cell receptor signaling pathway,,,
,,B cell receptor signaling pathway,,,
,,Fc epsilon RI signaling pathway,,,
,,Fc gamma R-mediated phagocytosis,,,
,,Leukocyte transendothelial migration,,,
,,Intestinal immune network for IgA production,,,
,,Chemokine signaling pathway,,,
,Endocrine System,,,,
,,Insulin signaling pathway,,,
,,,b3428,,
,,,b4232,,
,,Adipocytokine signaling pathway,,,
,,,b1805,,
,,PPAR signaling pathway,,,
,,,b1805,,
,,,b3926,,
,,GnRH signaling pathway,,,
,,Progesterone-mediated oocyte maturation,,,
,,,b0473,,
,,Melanogenesis,,,
,,Renin-angiotensin system,,,
,Circulatory System,,,,
,,Cardiac muscle contraction,,,
,,Vascular smooth muscle contraction,,,
,Digestive System,,,,
,,Salivary secretion,,,
,,Gastric acid secretion,,,
,,Pancreatic secretion,,,
,,Bile secretion,,,
,,Carbohydrate digestion and absorption,,,
,,,b3571,,
,,Protein digestion and absorption,,,
,,Fat digestion and absorption,,,
,,Vitamin digestion and absorption,,,
,,Mineral absorption,,,
,Excretory System,,,,
,,Vasopressin-regulated water reabsorption,,,
,,Aldosterone-regulated sodium reabsorption,,,
,,Endocrine and other factor-regulated calcium reabsorption,,,
,,Proximal tubule bicarbonate reclamation,,,
,,,b1524,,
,,Collecting duct acid secretion,,,
,Nervous System,,,,
,,Glutamatergic synapse,,,
,,,b1524,,
,,,b3870,,
,,Cholinergic synapse,,,
,,Long-term potentiation,,,
,,Long-term depression,,,
,,Neurotrophin signaling pathway,,,
,Sensory System,,,,
,,Phototransduction,,,
,,Phototransduction - fly,,,
,,Olfactory transduction,,,
,,Taste transduction,,,
,Development,,,,
,,Dorso-ventral axis formation,,,
,,Axon guidance,,,
,,Osteoclast differentiation,,,
,Environmental Adaptation,,,,
,,Circadian rhythm - mammal,,,
,,Circadian rhythm - fly,,,
,,Circadian rhythm - plant,,,
,,Plant-pathogen interaction,,,
,,,b1923,,
,,,b3926,,
,,,b0473,,
Human Diseases,,,,,
,Cancers,,,,
,,Pathways in cancer,,,
,,,b1611,,
,,,b0473,,
,,Colorectal cancer,,,
,,Pancreatic cancer,,,
,,Glioma,,,
,,Thyroid cancer,,,
,,Acute myeloid leukemia,,,
,,Chronic myeloid leukemia,,,
,,Basal cell carcinoma,,,
,,Melanoma,,,
,,Renal cell carcinoma,,,
,,,b1611,,
,,Bladder cancer,,,
,,,b4382,,
,,Prostate cancer,,,
,,,b0473,,
,,Endometrial cancer,,,
,,Small cell lung cancer,,,
,,Non-small cell lung cancer,,,
,Immune System Diseases,,,,
,,Asthma,,,
,,Systemic lupus erythematosus,,,
,,Rheumatoid arthritis,,,
,,Autoimmune thyroid disease,,,
,,Allograft rejection,,,
,,Graft-versus-host disease,,,
,,Primary immunodeficiency,,,
,,,b1623,,
,,,b2580,,
,Neurodegenerative Diseases,,,,
,,Alzheimer's disease,,,
,,,b1779,,
,,Parkinson's disease,,,
,,Amyotrophic lateral sclerosis (ALS),,,
,,,b1646,,
,,,b1732,,
,,Huntington's disease,,,
,,,b1646,,
,,,b3908,,
,,Prion diseases,,,
,,,b1646,,
,Cardiovascular Diseases,,,,
,,Hypertrophic cardiomyopathy (HCM),,,
,,Arrhythmogenic right ventricular cardiomyopathy (ARVC),,,
,,Dilated cardiomyopathy (DCM),,,
,,Viral myocarditis,,,
,Metabolic Diseases,,,,
,,Type I diabetes mellitus,,,
,,,b3517,,
,,,b4143,,
,,Type II diabetes mellitus,,,
,,,b1854,,
,,Maturity onset diabetes of the young,,,
,Infectious Diseases,,,,
,,Vibrio cholerae infection,,,
,,Vibrio cholerae pathogenic cycle,,,
,,,b2687,,
,,,b3806,,
,,,b3357,,
,,,b2741,,
,,,b3202,,
,,,b1922,,
,,Epithelial cell signaling in Helicobacter pylori infection,,,
,,,b3158,,
,,Pathogenic Escherichia coli infection,,,
,,Shigellosis,,,
,,Pertussis,,,
,,,b4314,,
,,,b4317,,
,,,b3035,,
,,,b0622,,
,,,b2370,,
,,,b2369,,
,,Staphylococcus aureus infection,,,
,,Tuberculosis,,,
,,,b3728,,
,,,b0014,,
,,,b4143,,
,,Bacterial invasion of epithelial cells,,,
,,Measles,,,
,,Influenza A,,,
,,Hepatitis C,,,
,,Amoebiasis,,,
,,Malaria,,,
,,Toxoplasmosis,,,
,,Leishmaniasis,,,
,,Chagas disease (American trypanosomiasis),,,
,,,b1845,,
,,African trypanosomiasis,,,
,,,b1845,,
